city,address,new,rooms,square,floor,floors,price,Пермь,Березники,Оханск,Чайковский,д. Кондратово,остальные
Березники,"Юбилейная улица, 102",0,2,160.77,1,5,2100000.0,0,1,0,0,0,0
Березники,"улица Шишкина, 83",0,1,160.44,3,5,3098679.0,0,1,0,0,0,0
Березники,"улица Шишкина, 84",0,1,163.06,1,5,2920923.0,0,1,0,0,0,0
Березники,"улица Шишкина, 82",0,2,217.66,2,5,4540306.0,0,1,0,0,0,0
Пермь,"р-н Дзержинский, мкр. Акулова, Красноборская улица, 8",0,2,193.81,3,3,3550000.0,1,0,0,0,0,0
Пермь,"р-н Индустриальный, мкр. Балатово, улица Снайперов, 8",0,1,138.14,4,5,3100000.0,1,0,0,0,0,0
Пермь,"р-н Ленинский, мкр. Разгуляй, улица 25 Октября, 4",0,3,253.65,5,5,8950000.0,1,0,0,0,0,0
Пермь,"р-н Мотовилихинский, мкр. Садовый, улица Юрша, 1",0,1,158.11,7,9,4050000.0,1,0,0,0,0,0
Пермь,"р-н Дзержинский, мкр. Данилиха, Полевая улица, 10",0,0,143.52,9,25,4600000.0,1,0,0,0,0,0
д. Кондратово,"улица Водопроводная, 1",0,2,180.9,9,16,5950000.0,0,0,0,0,1,0
Пермь,"р-н Свердловский, мкр. Зеленое хозяйство, улица Льва Шатрова, 10",0,1,140.48,2,5,3500000.0,1,0,0,0,0,0
Пермь,"р-н Дзержинский, мкр. Парковый, Подлесная улица, 19/3",0,0,75.68,1,4,2260000.0,1,0,0,0,0,0
Пермь,"р-н Кировский, Пензенская улица, 62",0,2,208.59,2,2,1750000.0,1,0,0,0,0,0
Пермь,"р-н Свердловский, улица Революции, 54",0,3,252.0,20,20,12300000.0,1,0,0,0,0,0
Пермь,"р-н Ленинский, мкр. Центр, улица Борчанинова, 15",0,3,222.91,4,10,7100000.0,1,0,0,0,0,0
Пермь,"р-н Индустриальный, мкр. Нагорный, улица Архитектора Свиязева, 48",0,4,250.5,4,12,6500000.0,1,0,0,0,0,0
Пермь,"р-н Мотовилихинский, мкр. Садовый, улица Юрша, 5",0,1,147.6,9,10,4150000.0,1,0,0,0,0,0
Пермь,"р-н Свердловский, мкр. Островский, улица Революции, 2А",0,2,190.7,3,26,7900000.0,1,0,0,0,0,0
Пермь,"р-н Свердловский, мкр. Крохалева, улица Лодыгина, 37",0,1,134.96,2,3,2550000.0,1,0,0,0,0,0
Пермь,"р-н Свердловский, мкр. Октябрьский, Весенняя улица, 30",0,2,179.77,1,2,2800000.0,1,0,0,0,0,0
Пермь,"р-н Орджоникидзевский, мкр. Гайва, улица Кабельщиков, 17",0,1,149.41,6,10,3299000.0,1,0,0,0,0,0
Пермь,"р-н Дзержинский, мкр. Железнодорожный, Хабаровская улица, 54",0,2,189.38,12,18,5190000.0,1,0,0,0,0,0
Пермь,"р-н Индустриальный, мкр. Балатово, улица Танкистов, 70",0,1,134.16,5,5,3400000.0,1,0,0,0,0,0
Пермь,"р-н Кировский, мкр. Закамск, улица Липатова, 6",0,2,179.77,2,5,3350000.0,1,0,0,0,0,0
Пермь,"р-н Индустриальный, мкр. Новоплоский, улица Карпинского, 57А",0,1,135.76,4,5,3250000.0,1,0,0,0,0,0
Пермь,"р-н Свердловский, улица Василия Татищева, 4",0,2,210.86,25,25,7500000.0,1,0,0,0,0,0
Пермь,"р-н Индустриальный, мкр. Балатово, улица Комбайнеров, 43",0,3,251.84,19,24,13000000.0,1,0,0,0,0,0
остальные,"проспект Ленина, 17",0,2,158.11,5,5,1550000.0,0,0,0,0,0,1
Пермь,"р-н Орджоникидзевский, мкр. Кислотные Дачи, улица Бушмакина, 96",0,0,149.77,7,15,3100000.0,1,0,0,0,0,0
Пермь,"р-н Ленинский, мкр. Центр, Петропавловская улица, 83",0,2,177.46,4,9,5890000.0,1,0,0,0,0,0
Пермь,"р-н Дзержинский, мкр. Парковый, улица Строителей, 48",0,2,209.5,15,16,7490000.0,1,0,0,0,0,0
Пермь,"р-н Дзержинский, улица Ленина, 84",0,3,213.76,4,5,5890000.0,1,0,0,0,0,0
Пермь,"р-н Кировский, мкр. Старые Водники, улица Танцорова, 25",0,1,163.06,7,10,4640000.0,1,0,0,0,0,0
Пермь,"р-н Ленинский, мкр. Разгуляй, Пермская улица, 2",1,2,64.09,6,6,11536200.0,1,0,0,0,0,0
остальные,"улица Шмидта, 49",0,2,183.7,5,5,2150000.0,0,0,0,0,0,1
Пермь,"р-н Кировский, улица Богдана Хмельницкого, 30",0,1,136.16,1,5,2650000.0,1,0,0,0,0,0
Пермь,"р-н Орджоникидзевский, мкр. Гайва, переулок 2-й Дубровский, 6",0,2,180.62,5,5,3100000.0,1,0,0,0,0,0
Пермь,"р-н Кировский, мкр. Новые Водники, улица Адмирала Ушакова, 59/2",0,2,202.97,9,9,4500000.0,1,0,0,0,0,0
Пермь,"р-н Дзержинский, улица Докучаева, 23",0,2,232.05,6,17,6700000.0,1,0,0,0,0,0
Пермь,"р-н Кировский, мкр. Нижняя Курья, улица Танцорова, 31",0,1,147.96,1,9,3200000.0,1,0,0,0,0,0
Пермь,"р-н Свердловский, мкр. Островский, улица Революции, 21Б",0,3,299.87,8,21,15174000.0,1,0,0,0,0,0
Пермь,"р-н Дзержинский, улица Кочегаров, 71",0,3,228.75,1,9,4490000.0,1,0,0,0,0,0
Пермь,"р-н Ленинский, мкр. Разгуляй, Пермская улица, 33",1,2,80.2,4,11,15990000.0,1,0,0,0,0,0
Пермь,"р-н Индустриальный, мкр. Ераничи, улица Подводников, 20",0,2,182.59,8,10,6300000.0,1,0,0,0,0,0
Чайковский,"Вокзальная улица, 55",0,1,93.55,3,5,1980000.0,0,0,0,1,0,0
Пермь,"р-н Орджоникидзевский, мкр. Левшино, Томская улица, 40",0,2,183.42,5,5,2899000.0,1,0,0,0,0,0
Пермь,"р-н Дзержинский, мкр. Заимка, улица Дзержинского",0,2,166.89,4,9,6490000.0,1,0,0,0,0,0
Пермь,"р-н Свердловский, мкр. Островский, улица Революции, 2А",1,2,48.45,15,25,7219050.0,1,0,0,0,0,0
Пермь,"р-н Мотовилихинский, мкр. Рабочий поселок, улица КИМ, 45",0,1,155.73,6,12,5100000.0,1,0,0,0,0,0
Пермь,"р-н Ленинский, мкр. Разгуляй, Пермская улица, 2",1,1,46.17,6,6,9093182.0,1,0,0,0,0,0
Пермь,"р-н Ленинский, мкр. Разгуляй, Пермская улица, 33",0,2,308.22,6,9,22900000.0,1,0,0,0,0,0
Пермь,"р-н Ленинский, мкр. Разгуляй, Пермская улица, 2",0,1,170.61,2,6,7590000.0,1,0,0,0,0,0
Пермь,"р-н Кировский, улица Победы, 31",0,2,176.59,3,3,2490000.0,1,0,0,0,0,0
Пермь,"р-н Свердловский, мкр. Владимирский, Ординская улица, 10к1",1,2,64.8,13,17,6539726.0,1,0,0,0,0,0
Пермь,"р-н Дзержинский, мкр. Светлый, Рабочая улица, 15",0,1,136.56,1,5,3270000.0,1,0,0,0,0,0
Пермь,"р-н Дзержинский, мкр. Плоский, Вильвенская улица, 2",0,6,502.0,20,20,35226000.0,1,0,0,0,0,0
Пермь,"р-н Мотовилихинский, улица Гашкова, 58",1,2,36.1,8,9,4729963.0,1,0,0,0,0,0
Пермь,"р-н Мотовилихинский, мкр. Садовый, улица Юрша, 64",0,4,258.15,4,16,7630000.0,1,0,0,0,0,0
Пермь,"р-н Индустриальный, мкр. Балатово, улица Нефтяников, 5",0,1,102.15,2,3,2550000.0,1,0,0,0,0,0
Пермь,"р-н Свердловский, мкр. Крохалева, улица Академика Курчатова, 9",0,1,132.94,4,6,2650000.0,1,0,0,0,0,0
Пермь,"р-н Ленинский, мкр. Разгуляй, Пермская улица, 33",1,1,52.1,7,11,13490000.0,1,0,0,0,0,0
Пермь,"р-н Индустриальный, мкр. Нагорный, улица Космонавта Беляева, 61",0,0,11.0,5,5,1640000.0,1,0,0,0,0,0
Пермь,"р-н Ленинский, мкр. Центр, улица Окулова, 18",0,1,237.14,24,25,15450000.0,1,0,0,0,0,0
Пермь,"р-н Мотовилихинский, мкр. Городские Горки, бульвар Гагарина, 70",0,3,247.46,9,17,7000000.0,1,0,0,0,0,0
Пермь,"р-н Мотовилихинский, мкр. Рабочий поселок, улица Анри Барбюса, 53",0,3,274.51,10,10,8950000.0,1,0,0,0,0,0
Пермь,"р-н Дзержинский, мкр. Плоский, Вильвенская улица, 13",0,2,181.18,3,5,4100000.0,1,0,0,0,0,0
Пермь,"р-н Свердловский, мкр. Островский, улица Революции, 2А",1,1,31.15,21,25,6074250.0,1,0,0,0,0,0
Пермь,"р-н Кировский, мкр. Закамск, улица Маршала Рыбалко, 103Б",0,3,234.9,6,10,6300000.0,1,0,0,0,0,0
Пермь,"р-н Дзержинский, мкр. Парковый, Парковый проспект, 5",0,2,203.21,6,9,5680000.0,1,0,0,0,0,0
Березники,"улица Шишкина, 79",0,2,217.45,4,5,4533107.0,0,1,0,0,0,0
Березники,"улица Шишкина, 79",0,3,265.38,2,5,6425195.0,0,1,0,0,0,0
Березники,"улица Шишкина, 79",0,2,238.43,2,5,5651930.0,0,1,0,0,0,0
Пермь,"р-н Мотовилихинский, мкр. Рабочий поселок, Хрустальная улица, 15",0,3,202.49,7,9,5660000.0,1,0,0,0,0,0
Пермь,"р-н Дзержинский, мкр. Светлый, улица Малкова, 12",0,1,152.61,15,25,5999000.0,1,0,0,0,0,0
Пермь,"р-н Индустриальный, мкр. Ераничи, проспект Декабристов, 21",0,2,159.25,19,23,5650010.0,1,0,0,0,0,0
Пермь,"р-н Кировский, мкр. Нижняя Курья, Буксирная улица, 9",0,1,88.45,1,5,2200000.0,1,0,0,0,0,0
Пермь,"р-н Свердловский, мкр. Громовский, улица Елькина, 14",0,3,232.63,4,10,9050000.0,1,0,0,0,0,0
Пермь,"р-н Дзержинский, мкр. ДКЖ, Парковый проспект, 56",0,2,187.52,7,9,7990000.0,1,0,0,0,0,0
Пермь,"р-н Ленинский, мкр. Разгуляй, Екатерининская улица, 10",0,2,252.33,6,6,13240000.0,1,0,0,0,0,0
Пермь,"р-н Мотовилихинский, улица Серебристая, 12",0,2,181.75,9,16,6990000.0,1,0,0,0,0,0
Пермь,"р-н Ленинский, мкр. Разгуляй, Екатерининская улица, 10",0,2,252.33,6,6,13240000.0,1,0,0,0,0,0
д. Кондратово,"улица Красавинская, 1",0,3,232.24,4,16,5700000.0,0,0,0,0,1,0
Пермь,"р-н Ленинский, мкр. Разгуляй, Екатерининская улица, 10",0,1,209.73,3,6,9200000.0,1,0,0,0,0,0
Пермь,"р-н Ленинский, мкр. Разгуляй, Екатерининская улица, 10",0,1,187.78,3,6,8200000.0,1,0,0,0,0,0
Пермь,"р-н Свердловский, мкр. Октябрьский, улица Емельяна Ярославского, 10/1",0,2,143.52,1,9,1950000.0,1,0,0,0,0,0
Пермь,"р-н Дзержинский, мкр. Железнодорожный, Заречная улица, 138",0,2,173.34,3,5,3090000.0,1,0,0,0,0,0
Пермь,"р-н Ленинский, мкр. Разгуляй, Пермская улица, 8",0,3,302.63,8,10,15800000.0,1,0,0,0,0,0
Пермь,"р-н Мотовилихинский, мкр. Садовый, улица Старцева, 15/2",0,3,234.15,3,9,5700000.0,1,0,0,0,0,0
Пермь,"р-н Свердловский, мкр. Зеленое хозяйство, улица Льва Шатрова, 20",0,2,186.17,5,5,3850000.0,1,0,0,0,0,0
Пермь,"р-н Дзержинский, мкр. Железнодорожный, Хабаровская улица, 135",0,2,193.3,8,10,4390000.0,1,0,0,0,0,0
д. Кондратово,"улица Г.Н. Нифантова, 3к1",1,3,64.8,5,9,6840000.0,0,0,0,0,1,0
Пермь,"р-н Свердловский, мкр. Октябрьский, Вижайская улица, 24",0,0,42.16,9,9,1620000.0,1,0,0,0,0,0
остальные,"улица 50 лет Октября, 19",0,1,147.96,1,5,3130000.0,0,0,0,0,0,1
Пермь,"р-н Свердловский, мкр. Островский, улица Максима Горького, 49",0,4,283.06,6,15,14850000.0,1,0,0,0,0,0
Пермь,"р-н Свердловский, мкр. Октябрьский, улица Лукоянова, 8/2",0,2,181.47,2,5,3200000.0,1,0,0,0,0,0
Пермь,"р-н Свердловский, мкр. Южный, Братская улица, 175",0,1,144.27,1,4,2890000.0,1,0,0,0,0,0
Пермь,"р-н Ленинский, улица Борцов Революции, 1Ак5",1,3,73.0,2,4,9002389.0,1,0,0,0,0,0
Пермь,"р-н Свердловский, мкр. Островский, улица Революции, 21В",0,3,290.11,11,24,20800000.0,1,0,0,0,0,0
Пермь,"р-н Ленинский, мкр. Разгуляй, Пермская улица, 33",1,3,105.6,4,11,22000000.0,1,0,0,0,0,0
Пермь,"р-н Ленинский, мкр. Центр, Петропавловская улица, 79",0,3,218.94,5,9,6700000.0,1,0,0,0,0,0
Пермь,"р-н Свердловский, мкр. Островский, Рабоче-крестьянская улица, 6",0,2,203.21,5,10,6650000.0,1,0,0,0,0,0
Пермь,"р-н Орджоникидзевский, мкр. Гайва, улица Маршала Толбухина, 3",0,2,202.97,1,9,4600000.0,1,0,0,0,0,0
Пермь,"р-н Свердловский, мкр. Островский, улица Революции, 2А",1,3,77.0,13,25,9740500.0,1,0,0,0,0,0
остальные,"улица Октябрьская, 14",0,1,127.94,3,3,2250000.0,0,0,0,0,0,1
Пермь,"р-н Мотовилихинский, Пушкарская улица, 142",0,3,316.6,15,16,11300000.0,1,0,0,0,0,0
Пермь,"р-н Дзержинский, мкр. Железнодорожный, Красноводская улица, 15",0,2,188.05,8,18,5500000.0,1,0,0,0,0,0
остальные,"улица Октябрьская, 1",0,2,178.91,1,3,2750000.0,0,0,0,0,0,1
Пермь,"р-н Орджоникидзевский, мкр. Молодежный, улица Льва Лаврова, 14",0,4,265.68,6,9,5700000.0,1,0,0,0,0,0
Пермь,"р-н Свердловский, мкр. Владимирский, Пихтовая улица, 42",0,1,147.96,1,10,3480000.0,1,0,0,0,0,0
Пермь,"р-н Свердловский, мкр. Октябрьский, Брестская улица, 13",0,1,130.46,1,2,2049000.0,1,0,0,0,0,0
Пермь,"р-н Орджоникидзевский, мкр. Гайва, улица Карбышева, 48",0,3,209.27,2,5,5050000.0,1,0,0,0,0,0
Пермь,"р-н Орджоникидзевский, мкр. КамГЭС, улица Менжинского, 45",0,2,201.04,9,10,4150000.0,1,0,0,0,0,0
Пермь,"р-н Свердловский, улица Пушкина, 66",0,2,183.7,5,5,4500000.0,1,0,0,0,0,0
Пермь,"р-н Орджоникидзевский, мкр. Энергетик, Краснослудская улица, 8",0,3,228.15,6,9,4500000.0,1,0,0,0,0,0
Пермь,"р-н Мотовилихинский, мкр. Городские Горки, бульвар Гагарина, 66",0,3,224.14,5,10,6350000.0,1,0,0,0,0,0
Пермь,"р-н Кировский, мкр. Нижняя Курья, улица Адмирала Ушакова, 34А",0,0,114.04,8,10,3380000.0,1,0,0,0,0,0
Пермь,"р-н Свердловский, мкр. Свердловский, Комсомольский проспект, 75",0,2,214.63,4,5,6990000.0,1,0,0,0,0,0
Пермь,"р-н Дзержинский, мкр. Комсомольский, Ветлужская улица, 28",0,2,206.51,1,2,2400000.0,1,0,0,0,0,0
остальные,"пос. Майский, улица 9-й Пятилетки, 7",0,2,179.77,2,5,2370000.0,0,0,0,0,0,1
Пермь,"р-н Индустриальный, мкр. Новоплоский, улица Карпинского, 49А",0,0,134.96,2,20,4500000.0,1,0,0,0,0,0
Пермь,"р-н Свердловский, улица Полины Осипенко, 56",0,3,252.83,5,5,7700000.0,1,0,0,0,0,0
Пермь,"р-н Ленинский, мкр. Центр, Петропавловская улица, 89",0,1,149.05,2,12,5550000.0,1,0,0,0,0,0
Пермь,"р-н Ленинский, мкр. Разгуляй, Пермская улица, 2",1,0,48.03,6,6,9459509.0,1,0,0,0,0,0
остальные,"улица Победы, 29К1",0,2,202.97,5,5,2750000.0,0,0,0,0,0,1
Пермь,"р-н Мотовилихинский, мкр. Городские Горки, улица Тургенева, 33Д",0,3,224.75,16,25,8900000.0,1,0,0,0,0,0
Пермь,"р-н Свердловский, мкр. Островский, улица Тимирязева, 24",0,2,226.76,4,15,7400000.0,1,0,0,0,0,0
Пермь,"р-н Индустриальный, мкр. Балатово, улица Баумана, 25А",0,2,177.17,4,5,4500000.0,1,0,0,0,0,0
Пермь,"р-н Мотовилихинский, мкр. Городские Горки, бульвар Гагарина, 74В",0,3,245.73,6,21,9050000.0,1,0,0,0,0,0
Пермь,"р-н Индустриальный, мкр. Балатово, улица Качалова, 32",0,0,132.12,1,4,2890000.0,1,0,0,0,0,0
Пермь,"р-н Индустриальный, мкр. Балатово, улица Комбайнеров, 39",0,1,163.71,6,10,4950000.0,1,0,0,0,0,0
Пермь,"р-н Индустриальный, мкр. Авиагородок, улица Карпинского, 107",0,2,201.77,2,9,5000000.0,1,0,0,0,0,0
Пермь,"р-н Свердловский, Комсомольский проспект, 67",0,2,223.11,5,5,5700000.0,1,0,0,0,0,0
д. Кондратово,"улица Г.Н. Нифантова, 3к1",1,4,72.3,7,9,7320000.0,0,0,0,0,1,0
Пермь,"р-н Свердловский, мкр. Краснова, улица Моторостроителей, 9",0,2,178.33,9,9,3790000.0,1,0,0,0,0,0
Пермь,"р-н Дзержинский, мкр. Железнодорожный, Хабаровская улица, 157",0,2,176.88,4,5,3190000.0,1,0,0,0,0,0
Пермь,"р-н Индустриальный, мкр. Балатово, улица Советской Армии, 30",0,2,240.79,7,11,7000000.0,1,0,0,0,0,0
Пермь,"р-н Кировский, мкр. Закамск, Кировоградская улица, 61",0,3,245.73,1,2,3500000.0,1,0,0,0,0,0
Пермь,"р-н Ленинский, мкр. Разгуляй, Пермская улица, 33",1,4,165.8,4,11,31000000.0,1,0,0,0,0,0
Пермь,"р-н Мотовилихинский, мкр. Садовый, улица Юрша, 54",0,1,146.13,6,12,4350000.0,1,0,0,0,0,0
Пермь,"р-н Индустриальный, мкр. Балатово, улица Снайперов, 1",0,1,180.33,10,18,5750000.0,1,0,0,0,0,0
Пермь,"р-н Свердловский, мкр. Островский, улица Революции, 2А",1,4,129.3,7,25,15451350.0,1,0,0,0,0,0
Пермь,"р-н Мотовилихинский, мкр. Садовый, улица Юрша, 9",0,1,148.33,2,9,4000000.0,1,0,0,0,0,0
Пермь,"р-н Кировский, мкр. Закамск, Ямпольская улица, 13",0,2,194.07,6,13,4080000.0,1,0,0,0,0,0
Пермь,"р-н Мотовилихинский, мкр. Вышка-2, улица Гашкова, 30/3",0,2,193.3,2,10,4450000.0,1,0,0,0,0,0
Пермь,"р-н Дзержинский, мкр. Светлый, Рабочая улица, 1",0,2,186.44,4,5,4700000.0,1,0,0,0,0,0
Пермь,"р-н Индустриальный, мкр. Балатово, улица Баумана, 21Б",0,2,179.77,2,5,4900000.0,1,0,0,0,0,0
Пермь,"р-н Ленинский, мкр. Разгуляй, Пермская улица, 33",1,5,165.0,5,11,30500000.0,1,0,0,0,0,0
Березники,"улица Потемина, 9",0,2,183.7,5,6,2200000.0,0,1,0,0,0,0
Пермь,"р-н Кировский, мкр. Закамск, Кировоградская улица, 68А",0,1,188.05,16,18,4300000.0,1,0,0,0,0,0
Пермь,"р-н Кировский, мкр. Закамск, улица Липатова, 4",0,2,174.83,1,6,3500000.0,1,0,0,0,0,0
Пермь,"р-н Свердловский, улица Красные Казармы, 68",0,0,152.26,1,25,4330000.0,1,0,0,0,0,0
Пермь,"р-н Индустриальный, мкр. Нагорный, улица Архитектора Свиязева, 16",0,1,133.75,2,5,3400000.0,1,0,0,0,0,0
остальные,"Сарс рп, улица Огнева, 1",0,2,172.44,2,2,1000000.0,0,0,0,0,0,1
Пермь,"р-н Индустриальный, мкр. Ераничи, проспект Декабристов, 37",0,0,70.46,6,9,1820000.0,1,0,0,0,0,0
Пермь,"р-н Свердловский, мкр. Свердловский, улица Чкалова, 32",0,2,148.33,1,4,2290000.0,1,0,0,0,0,0
Пермь,"р-н Орджоникидзевский, мкр. Гайва, улица Карбышева, 44",0,1,135.76,1,5,2200000.0,1,0,0,0,0,0
Пермь,"р-н Свердловский, мкр. Октябрьский, улица Лукоянова, 18",0,3,160.44,2,2,2100000.0,1,0,0,0,0,0
Александровск,"пос. Карьер Известняк, Юбилейная улица, 3",0,3,201.77,2,5,500000.0,0,0,0,0,0,0
Пермь,"р-н Орджоникидзевский, мкр. Камский, Ольховская улица, 4",0,1,153.66,3,5,2400000.0,1,0,0,0,0,0
остальные,"улица Матросова, 53А",0,1,136.16,4,5,2200000.0,0,0,0,0,0,1
остальные,"улица Энтузиастов, 5",0,1,152.61,3,5,1890000.0,0,0,0,0,0,1
Оханск,"улица 200-летия Оханска, 23",0,3,225.56,2,5,1500000.0,0,0,1,0,0,0
остальные,"Комсомольский проспект, 17",0,1,138.14,3,5,2070000.0,0,0,0,0,0,1
Пермь,"р-н Свердловский, мкр. Владимирский, Серпуховская улица, 8",0,1,82.53,2,5,1850000.0,1,0,0,0,0,0
Александровск,"Яйва пгт, Юбилейная улица, 3",0,2,176.59,5,5,1500000.0,0,0,0,0,0,0
Пермь,"р-н Индустриальный, мкр. Нагорный, улица Геологов, 11/2",0,0,35.29,1,5,1400000.0,1,0,0,0,0,0
Пермь,"р-н Кировский, мкр. Закамск, Автозаводская улица, 30",0,0,96.3,9,21,2400000.0,1,0,0,0,0,0
Березники,"улица Уральских танкистов, 68",0,2,178.91,1,5,2300000.0,0,1,0,0,0,0
остальные,"с. Половодово, улица Чкалова, 8",0,1,134.96,2,2,900000.0,0,0,0,0,0,1
Березники,"Усольский-2 мкр, улица Ростовская, 4",0,1,175.42,13,17,2100000.0,0,1,0,0,0,0
Березники,"улица Льва Толстого, 94",0,1,134.16,5,5,1750000.0,0,1,0,0,0,0
Пермь,"р-н Кировский, мкр. Старые Водники, улица Калинина, 17",0,1,121.4,5,5,2250000.0,1,0,0,0,0,0
остальные,"улица Швейников, 29",0,3,205.1,1,5,500000.0,0,0,0,0,0,1
Оханск,"улица Винокурова, 16",0,2,179.77,3,4,1100000.0,0,0,1,0,0,0
остальные,"улица Калинина, 22",0,1,151.91,5,5,2000000.0,0,0,0,0,0,1
Чайковский,"Школьный переулок, 6/1",0,1,144.27,3,3,2200000.0,0,0,0,1,0,0
Березники,"бульвар Строгановский, 15",0,1,145.02,6,16,1900000.0,0,1,0,0,0,0
остальные,"улица 20-летия Победы, 188",0,1,127.94,3,5,2400000.0,0,0,0,0,0,1
Березники,"Советский проспект, 65",0,2,178.04,4,5,2000000.0,0,1,0,0,0,0
Березники,"Октябрьская улица, 2В",0,1,204.16,1,3,2300000.0,0,1,0,0,0,0
остальные,"улица Ватутина, 141",0,2,197.1,5,5,2100000.0,0,0,0,0,0,1
остальные,"с. Кыласово, улица Ленина, 96",0,1,169.39,1,2,1750000.0,0,0,0,0,0,1
Александровск,"улица Жданова, 17",0,3,202.49,2,2,850000.0,0,0,0,0,0,0
остальные,"пос. Запальта, проезд Рябиновый, 2",0,1,145.76,5,5,2300000.0,0,0,0,0,0,1
остальные,"улица Октябрьская, 23Б",0,1,133.34,1,2,1510000.0,0,0,0,0,0,1
Чайковский,"улица Ленина, 83",0,1,127.94,4,5,2200000.0,0,0,0,1,0,0
Березники,"улица Ломоносова, 131А",0,1,113.57,4,5,990000.0,0,1,0,0,0,0
Чайковский,"улица Карла Маркса, 3/1",0,1,11.0,6,9,530000.0,0,0,0,1,0,0
Березники,"улица Менделеева, 9",0,2,187.78,2,5,2400000.0,0,1,0,0,0,0
Александровск,"улица Ленина, 22",0,3,214.63,1,5,1150000.0,0,0,0,0,0,0
Березники,"улица Тельмана, 10",0,2,207.2,3,3,2230000.0,0,1,0,0,0,0
Березники,"Усольский-2 мкр, улица Строителей, 12",0,2,183.42,5,17,2390000.0,0,1,0,0,0,0
остальные,"улица Лазурная, 149",0,1,149.05,1,3,2090000.0,0,0,0,0,0,1
Березники,"улица Мира, 26",0,1,135.36,4,5,1600000.0,0,1,0,0,0,0
Пермь,"р-н Орджоникидзевский, мкр. Гайва, улица Репина, 31",0,1,132.12,5,5,2250000.0,1,0,0,0,0,0
Березники,"Юбилейная улица, 62",0,2,181.47,5,5,2399000.0,0,1,0,0,0,0
остальные,"улица Культуры, 32",0,2,192.53,1,2,2400000.0,0,0,0,0,0,1
Чайковский,"улица Карла Маркса, 3/1",0,0,11.0,4,9,500000.0,0,0,0,1,0,0
Березники,"улица Свердлова, 84",0,1,108.23,3,5,1780000.0,0,1,0,0,0,0
Пермь,"р-н Кировский, мкр. Нижняя Курья, Буксирная улица, 9",0,1,88.45,5,5,2200000.0,1,0,0,0,0,0
Оханск,"улица Винокурова, 30",0,2,199.09,5,5,1500000.0,0,0,1,0,0,0
Березники,"улица Свердлова, 21",0,2,162.09,4,5,2350000.0,0,1,0,0,0,0
Березники,"улица Степанова, 12",0,2,183.42,3,5,2400000.0,0,1,0,0,0,0
остальные,"улица Павлика Морозова, 5",0,1,144.27,3,3,2320000.0,0,0,0,0,0,1
Березники,"улица Парижской Коммуны, 7",0,1,133.34,5,5,1990000.0,0,1,0,0,0,0
Чайковский,"улица Декабристов, 5/6",0,1,149.77,5,5,2399000.0,0,0,0,1,0,0
остальные,"пос. Дивья, улица Советская",0,1,140.09,1,1,650000.0,0,0,0,0,0,1
остальные,"пос. Северный Коспашский, улица Крепильщиков, 31",0,3,219.37,4,5,550000.0,0,0,0,0,0,1
Березники,"улица Мира, 75",0,1,145.02,4,5,2200000.0,0,1,0,0,0,0
Березники,"улица Пятилетки, 75",0,2,162.09,4,5,2300000.0,0,1,0,0,0,0
остальные,"пос. Железнодорожный, улица 35 лет Победы, 4",0,2,198.35,3,5,1840000.0,0,0,0,0,0,1
остальные,"улица 50 лет Октября, 1",0,1,136.16,4,5,2000000.0,0,0,0,0,0,1
Березники,"улица Свердлова, 128",0,2,181.47,4,5,2400000.0,0,1,0,0,0,0
Березники,"улица Прикамская, 11",0,1,156.76,4,9,1900000.0,0,1,0,0,0,0
Березники,"Большевистская улица, 4",0,2,138.53,2,3,1380000.0,0,1,0,0,0,0
остальные,"проспект Ленина, 6",0,2,187.25,4,5,1750000.0,0,0,0,0,0,1
Чайковский,"улица Декабристов, 19",0,1,132.12,4,6,2350000.0,0,0,0,1,0,0
Александровск,"Яйва пгт, Заводская улица, 30",0,2,179.77,1,5,1600000.0,0,0,0,0,0,0
Березники,"Юбилейная улица, 120",0,2,180.33,1,5,2400000.0,0,1,0,0,0,0
Александровск,"Всеволодо-Вильва пгт, улица Урицкого, 24",0,3,215.07,4,5,420000.0,0,0,0,0,0,0
Александровск,"пос. Карьер Известняк, улица Гоголя, 8",0,2,172.13,3,4,280000.0,0,0,0,0,0,0
остальные,"улица Культуры, 6",0,1,137.75,2,5,2170000.0,0,0,0,0,0,1
Березники,"улица Парижской Коммуны, 30",0,1,128.78,2,5,1200000.0,0,1,0,0,0,0
Березники,"Юбилейная улица, 94",0,2,159.78,5,5,2300000.0,0,1,0,0,0,0
Березники,"улица Миндовского, 6",0,1,140.86,5,5,1999000.0,0,1,0,0,0,0
остальные,"д. Савино (Менделеевское сельское поселение), улица Молодежная, 7",0,3,218.73,2,3,1870000.0,0,0,0,0,0,1
Чайковский,"улица Гагарина, 16",0,1,130.88,2,5,2350000.0,0,0,0,1,0,0
Пермь,"р-н Ленинский, мкр. Разгуляй, Пермская улица, 33",1,3,117.6,5,11,24990000.0,1,0,0,0,0,0
Пермь,"р-н Ленинский, мкр. Разгуляй, Пермская улица, 33",1,4,165.8,4,11,31000000.0,1,0,0,0,0,0
Пермь,"р-н Ленинский, мкр. Разгуляй, Пермская улица, 33",1,5,167.0,4,11,33000000.0,1,0,0,0,0,0
Пермь,"р-н Ленинский, мкр. Разгуляй, Пермская улица, 33",1,4,139.2,9,11,33000000.0,1,0,0,0,0,0
Пермь,"р-н Ленинский, мкр. Разгуляй, Пермская улица, 33",1,4,137.0,6,11,34500000.0,1,0,0,0,0,0
Пермь,"р-н Индустриальный, мкр. Нагорный, улица Космонавта Беляева, 61",0,0,11.0,5,5,1640000.0,1,0,0,0,0,0
Пермь,"р-н Кировский, мкр. Нижняя Курья, Буксирная улица, 9",0,1,88.45,1,5,2200000.0,1,0,0,0,0,0
Пермь,"р-н Кировский, улица Победы, 31",0,2,176.59,3,3,2490000.0,1,0,0,0,0,0
Пермь,"р-н Индустриальный, мкр. Балатово, улица Нефтяников, 5",0,1,102.15,2,3,2550000.0,1,0,0,0,0,0
Пермь,"р-н Свердловский, мкр. Крохалева, улица Академика Курчатова, 9",0,1,132.94,4,6,2650000.0,1,0,0,0,0,0
Пермь,"р-н Свердловский, мкр. Новые Ляды, Новый Звездный ЖК",0,1,151.27,8,10,2731560.0,1,0,0,0,0,0
Пермь,"р-н Мотовилихинский, Целинная улица, 59",0,1,95.21,4,10,2755000.0,1,0,0,0,0,0
Пермь,"р-н Мотовилихинский, Целинная улица, 59",0,1,98.46,1,10,2755000.0,1,0,0,0,0,0
Пермь,"р-н Свердловский, мкр. Новые Ляды, улица 40-летия Победы, 8А",0,1,154.35,1,9,2800200.0,1,0,0,0,0,0
Пермь,"р-н Мотовилихинский, Вышка II мкр, Патриот ЖК",0,1,95.21,3,10,2970000.0,1,0,0,0,0,0
Пермь,"р-н Мотовилихинский, Целинная улица, 59",0,1,112.61,5,10,3240000.0,1,0,0,0,0,0
Пермь,"р-н Свердловский, Краснова мкр, Красное яблоко ЖК",0,1,98.99,12,17,3260000.0,1,0,0,0,0,0
Пермь,"р-н Дзержинский, мкр. Светлый, Рабочая улица, 15",0,1,136.56,1,5,3270000.0,1,0,0,0,0,0
Пермь,"р-н Кировский, мкр. Нижняя Курья, Новые Водники мкр",0,1,116.85,6,10,3250000.0,1,0,0,0,0,0
Пермь,"р-н Мотовилихинский, Целинная улица, 59",0,1,143.52,8,10,3410000.0,1,0,0,0,0,0
Пермь,"р-н Мотовилихинский, Целинная улица, 59",0,1,155.73,9,10,3545000.0,1,0,0,0,0,0
Пермь,"р-н Мотовилихинский, Целинная улица, 59",0,1,150.13,9,10,3510000.0,1,0,0,0,0,0
Пермь,"р-н Мотовилихинский, Целинная улица, 59",0,1,157.43,1,10,3545000.0,1,0,0,0,0,0
Пермь,"р-н Мотовилихинский, Вышка II мкр, Патриот ЖК",0,1,150.13,8,10,3680000.0,1,0,0,0,0,0
Пермь,"р-н Свердловский, улица Куйбышева, 135",0,1,87.87,3,25,3655000.0,1,0,0,0,0,0
д. Кондратово,"улица Н.М. Яблокова, 1",1,1,25.7,1,14,3732080.0,0,0,0,0,1,0
Пермь,"р-н Свердловский, улица Куйбышева, 135",0,1,93.55,1,25,3735000.0,1,0,0,0,0,0
Пермь,"р-н Мотовилихинский, Вышка II мкр, Патриот ЖК",0,1,155.73,9,10,3780000.0,1,0,0,0,0,0
Пермь,"р-н Мотовилихинский, Целинная улица, 59",0,1,164.03,5,10,3795000.0,1,0,0,0,0,0
Пермь,"р-н Мотовилихинский, Вышка II мкр, Патриот ЖК",0,1,157.43,1,10,3830000.0,1,0,0,0,0,0
Пермь,"р-н Индустриальный, мкр. Балатово, улица Милиционера Власова, 8",0,1,103.7,2,6,3808000.0,1,0,0,0,0,0
Пермь,"р-н Мотовилихинский, улица Гашкова, 53к2с2",1,1,28.0,1,16,3947328.0,1,0,0,0,0,0
Пермь,"р-н Мотовилихинский, Вышка II мкр, Патриот ЖК",0,1,164.03,8,10,3980000.0,1,0,0,0,0,0
Пермь,"р-н Индустриальный, мкр. Балатово, улица Милиционера Власова, 8",0,1,109.22,5,6,3984000.0,1,0,0,0,0,0
Пермь,"р-н Свердловский, мкр. Новые Ляды, Новый Звездный ЖК",0,2,200.44,7,10,4044300.0,1,0,0,0,0,0
Пермь,"р-н Свердловский, мкр. Новые Ляды, улица 40-летия Победы, 8А",0,2,200.31,1,9,4040400.0,1,0,0,0,0,0
Пермь,"р-н Мотовилихинский, Вышка II мкр, Патриот ЖК",0,2,165.63,1,10,4050000.0,1,0,0,0,0,0
Пермь,"р-н Дзержинский, мкр. ДКЖ, улица Татьяны Барамзиной, 32В",0,0,142.77,1,17,4054800.0,1,0,0,0,0,0
Пермь,"р-н Мотовилихинский, Вышка II мкр, Патриот ЖК",0,1,177.75,1,10,4130000.0,1,0,0,0,0,0
Пермь,"р-н Дзержинский, мкр. Плоский, Вильвенская улица, 13",0,2,181.18,3,5,4100000.0,1,0,0,0,0,0
Пермь,"р-н Свердловский, Краснова мкр, Красное яблоко ЖК",0,1,143.52,10,17,4190000.0,1,0,0,0,0,0
Пермь,"р-н Мотовилихинский, Целинная улица, 59",0,2,173.64,2,10,4170000.0,1,0,0,0,0,0
Пермь,"р-н Мотовилихинский, Целинная улица, 59",0,2,175.42,1,10,4170000.0,1,0,0,0,0,0
Пермь,"р-н Мотовилихинский, улица Гашкова, 53к2с2",1,1,31.4,16,16,4183830.0,1,0,0,0,0,0
Пермь,"р-н Мотовилихинский, улица Гашкова, 53к2с2",1,1,33.5,1,16,4244898.0,1,0,0,0,0,0
Пермь,"р-н Индустриальный, мкр. Балатово, улица Танкистов, 111",0,1,120.5,3,4,4250000.0,1,0,0,0,0,0
Пермь,"р-н Дзержинский, мкр. ДКЖ, улица Татьяны Барамзиной, 32В",0,0,146.87,4,17,4326400.0,1,0,0,0,0,0
Пермь,"р-н Кировский, мкр. Нижняя Курья, Байкальская улица, 7А",0,1,148.55,4,7,4300000.0,1,0,0,0,0,0
Пермь,"р-н Свердловский, улица Куйбышева, 135",0,1,123.62,1,25,4325000.0,1,0,0,0,0,0
д. Кондратово,"улица Г.Н. Нифантова, 3к1",1,1,31.6,1,9,4350000.0,0,0,0,0,1,0
д. Кондратово,"улица Г.Н. Нифантова, 3к1",1,1,31.3,1,9,4350000.0,0,0,0,0,1,0
Пермь,"р-н Мотовилихинский, мкр. Рабочий поселок, улица Металлистов, 18",0,1,121.53,10,10,4432330.0,1,0,0,0,0,0
Пермь,"р-н Мотовилихинский, Вышка II мкр, Патриот ЖК",0,2,173.64,9,10,4420000.0,1,0,0,0,0,0
Пермь,"р-н Мотовилихинский, Вышка II мкр, Патриот ЖК",0,2,175.42,1,10,4420000.0,1,0,0,0,0,0
Пермь,"р-н Свердловский, Краснова мкр, Красное яблоко ЖК",0,1,154.01,2,14,4450000.0,1,0,0,0,0,0
Пермь,"р-н Мотовилихинский, улица Гашкова, 58",1,1,33.6,9,9,4530951.0,1,0,0,0,0,0
Березники,"улица Шишкина, 79",0,2,217.45,4,5,4533107.0,0,1,0,0,0,0
Пермь,"р-н Свердловский, мкр. Новые Ляды, улица 40-летия Победы, 8А",0,2,218.09,1,9,4648800.0,1,0,0,0,0,0
Пермь,"р-н Свердловский, Краснова мкр, Красное яблоко ЖК",0,1,160.11,2,14,4630000.0,1,0,0,0,0,0
Пермь,"р-н Свердловский, мкр. Новые Ляды, Новый Звездный ЖК",0,2,218.67,4,10,4669860.0,1,0,0,0,0,0
Пермь,"р-н Мотовилихинский, улица Гашкова, 58",1,2,35.1,1,9,4678631.0,1,0,0,0,0,0
Пермь,"р-н Мотовилихинский, улица Гашкова, 51",1,1,36.0,2,16,4675522.0,1,0,0,0,0,0
Пермь,"р-н Мотовилихинский, мкр. Рабочий поселок, улица Металлистов, 18",0,1,130.17,9,10,4724800.0,1,0,0,0,0,0
Пермь,"р-н Свердловский, Краснова мкр, Красное яблоко ЖК",0,2,155.73,14,17,4720000.0,1,0,0,0,0,0
Пермь,"р-н Мотовилихинский, улица Гашкова, 53к2с2",1,1,40.6,1,16,4744276.0,1,0,0,0,0,0
Пермь,"р-н Свердловский, улица Куйбышева, 135",0,1,143.15,2,25,4745000.0,1,0,0,0,0,0
Пермь,"р-н Мотовилихинский, улица Гашкова, 51",1,1,40.1,1,16,4764382.0,1,0,0,0,0,0
Пермь,"р-н Кировский, мкр. Нижняя Курья, Оханская улица, 17",0,1,147.23,1,6,4768389.0,1,0,0,0,0,0
Пермь,"р-н Свердловский, улица Куйбышева, 135",0,1,145.76,1,25,4755000.0,1,0,0,0,0,0
Пермь,"р-н Кировский, мкр. Нижняя Курья, Оханская улица, 17",0,1,145.02,3,6,4750254.0,1,0,0,0,0,0
Пермь,"р-н Свердловский, Краснова мкр, Красное яблоко ЖК",0,2,182.87,8,17,4810000.0,1,0,0,0,0,0
Пермь,"р-н Мотовилихинский, Целинная улица, 59",0,2,199.09,1,10,4800000.0,1,0,0,0,0,0
Пермь,"р-н Мотовилихинский, Целинная улица, 47Б",1,1,40.1,7,7,4873449.0,1,0,0,0,0,0
Пермь,"р-н Свердловский, Краснова мкр, Красное яблоко ЖК",0,2,161.76,12,14,4880000.0,1,0,0,0,0,0
Пермь,"р-н Мотовилихинский, мкр. Рабочий поселок, улица КИМ, 45",0,1,142.01,2,12,4875098.0,1,0,0,0,0,0
Пермь,"р-н Свердловский, Краснова мкр, Красное яблоко ЖК",0,2,195.85,7,17,4910000.0,1,0,0,0,0,0
Пермь,"р-н Мотовилихинский, улица Гашкова, 51",1,1,41.5,1,16,4940117.0,1,0,0,0,0,0
Пермь,"р-н Свердловский, Краснова мкр, Красное яблоко ЖК",0,2,173.34,8,14,4950000.0,1,0,0,0,0,0
Пермь,"р-н Мотовилихинский, улица Гашкова, 51",1,1,41.3,8,16,5066324.0,1,0,0,0,0,0
Пермь,"р-н Мотовилихинский, Целинная улица, 59",0,2,208.13,8,10,5095000.0,1,0,0,0,0,0
Пермь,"р-н Мотовилихинский, Целинная улица, 59",0,2,209.73,1,10,5095000.0,1,0,0,0,0,0
Пермь,"р-н Свердловский, улица Куйбышева, 135",0,1,165.95,1,25,5135000.0,1,0,0,0,0,0
Пермь,"р-н Мотовилихинский, улица Гашкова, 58",1,1,39.9,2,9,5131384.0,1,0,0,0,0,0
Пермь,"р-н Дзержинский, мкр. ДКЖ, улица Татьяны Барамзиной, 32В",0,1,184.53,1,17,5118400.0,1,0,0,0,0,0
Пермь,"р-н Кировский, мкр. Нижняя Курья, Новые Водники мкр",0,2,182.87,2,10,5186500.0,1,0,0,0,0,0
Пермь,"р-н Индустриальный, мкр. Ераничи, улица Советской Армии, 82",0,1,141.24,5,9,5168000.0,1,0,0,0,0,0
Пермь,"р-н Мотовилихинский, мкр. Рабочий поселок, улица КИМ, 45",0,1,154.7,3,12,5213916.0,1,0,0,0,0,0
Пермь,"р-н Ленинский, улица Борцов Революции, 1Ак6",1,1,37.0,1,4,5220740.0,1,0,0,0,0,0
Пермь,"р-н Свердловский, улица Куйбышева, 135",0,2,184.53,10,25,5265000.0,1,0,0,0,0,0
Пермь,"р-н Свердловский, улица Куйбышева, 135",0,1,166.26,3,25,5275000.0,1,0,0,0,0,0
Пермь,"р-н Мотовилихинский, Вышка II мкр, Патриот ЖК",0,2,209.73,1,10,5250000.0,1,0,0,0,0,0
Пермь,"р-н Мотовилихинский, Вышка II мкр, Патриот ЖК",0,2,208.13,2,10,5250000.0,1,0,0,0,0,0
Пермь,"р-н Мотовилихинский, мкр. Рабочий поселок, улица Металлистов, 18",0,1,154.04,2,10,5264070.0,1,0,0,0,0,0
Пермь,"р-н Мотовилихинский, Целинная улица, 59",0,2,214.41,4,10,5345000.0,1,0,0,0,0,0
Пермь,"р-н Свердловский, улица Куйбышева, 135",0,2,189.12,7,25,5335000.0,1,0,0,0,0,0
Пермь,"р-н Мотовилихинский, улица Гашкова, 53к2с2",1,1,43.7,7,16,5346490.0,1,0,0,0,0,0
Пермь,"р-н Мотовилихинский, Целинная улица, 59",0,2,216.37,1,10,5345000.0,1,0,0,0,0,0
Пермь,"р-н Свердловский, улица Куйбышева, 135",0,2,191.23,1,25,5325000.0,1,0,0,0,0,0
Пермь,"р-н Свердловский, улица Куйбышева, 135",0,2,192.27,4,25,5370000.0,1,0,0,0,0,0
Пермь,"р-н Ленинский, улица Борцов Революции, 1Ак6",1,1,37.5,1,4,5354173.0,1,0,0,0,0,0
Пермь,"р-н Мотовилихинский, мкр. Рабочий поселок, улица Металлистов, 18",0,1,152.65,5,10,5382320.0,1,0,0,0,0,0
Пермь,"р-н Свердловский, улица Куйбышева, 135",0,2,199.09,13,25,5400000.0,1,0,0,0,0,0
Пермь,"р-н Кировский, мкр. Нижняя Курья, Новые Водники мкр",0,2,188.85,8,10,5439500.0,1,0,0,0,0,0
Пермь,"р-н Мотовилихинский, улица Гашкова, 51",1,2,50.4,1,16,5476008.0,1,0,0,0,0,0
Пермь,"р-н Свердловский, Краснова мкр, Красное яблоко ЖК",0,2,209.73,3,14,5450000.0,1,0,0,0,0,0
Пермь,"р-н Ленинский, улица Борцов Революции, 1Ак6",1,1,35.3,1,4,5482915.0,1,0,0,0,0,0
Пермь,"р-н Дзержинский, мкр. ДКЖ, улица Татьяны Барамзиной, 32В",0,0,192.01,1,17,5480500.0,1,0,0,0,0,0
Пермь,"р-н Мотовилихинский, Вышка II мкр, Патриот ЖК",0,3,214.41,9,10,5570000.0,1,0,0,0,0,0
Пермь,"р-н Мотовилихинский, Вышка II мкр, Патриот ЖК",0,2,214.41,7,10,5550000.0,1,0,0,0,0,0
Пермь,"р-н Мотовилихинский, улица Гашкова, 58",1,2,41.3,1,9,5560072.0,1,0,0,0,0,0
Пермь,"р-н Мотовилихинский, улица Гашкова, 58",1,2,41.5,1,9,5561478.0,1,0,0,0,0,0
д. Кондратово,"улица Г.Н. Нифантова, 3к1",1,1,42.0,6,9,5640000.0,0,0,0,0,1,0
Пермь,"р-н Ленинский, улица Борцов Революции, 1Ак5",1,1,39.8,1,4,5611394.0,1,0,0,0,0,0
Пермь,"р-н Свердловский, мкр. Новые Ляды, Новый Звездный ЖК",0,3,242.47,4,10,5626920.0,1,0,0,0,0,0
Пермь,"р-н Ленинский, улица Борцов Революции, 1Ак4",1,1,36.3,1,4,5629166.0,1,0,0,0,0,0
Пермь,"р-н Дзержинский, мкр. ДКЖ, улица Татьяны Барамзиной, 32В",0,1,192.53,1,17,5600500.0,1,0,0,0,0,0
Пермь,"р-н Ленинский, улица Борцов Революции, 1Ак6",1,1,40.3,1,4,5686501.0,1,0,0,0,0,0
Пермь,"р-н Мотовилихинский, мкр. Рабочий поселок, Хрустальная улица, 15",0,3,202.49,7,9,5660000.0,1,0,0,0,0,0
Пермь,"р-н Индустриальный, мкр. Ераничи, проспект Декабристов, 21",0,2,159.25,19,23,5650010.0,1,0,0,0,0,0
Пермь,"р-н Дзержинский, мкр. Парковый, Парковый проспект, 5",0,2,203.21,6,9,5680000.0,1,0,0,0,0,0
Пермь,"р-н Ленинский, улица Борцов Революции, 1Ак5",1,1,40.5,1,4,5675344.0,1,0,0,0,0,0
Березники,"улица Шишкина, 79",0,2,238.43,2,5,5651930.0,0,1,0,0,0,0
д. Кондратово,"улица Красавинская, 1",0,3,232.24,4,16,5700000.0,0,0,0,0,1,0
Пермь,"р-н Мотовилихинский, Целинная улица, 59",0,3,221.46,2,10,5720000.0,1,0,0,0,0,0
Пермь,"р-н Мотовилихинский, Целинная улица, 59",0,3,223.11,1,10,5720000.0,1,0,0,0,0,0
Пермь,"р-н Мотовилихинский, мкр. Рабочий поселок, улица Металлистов, 18",0,1,163.48,2,10,5717240.0,1,0,0,0,0,0
Пермь,"р-н Кировский, мкр. Нижняя Курья, Байкальская улица, 7А",0,2,194.66,1,16,5715000.0,1,0,0,0,0,0
Пермь,"р-н Дзержинский, мкр. ДКЖ, улица Татьяны Барамзиной, 32В",0,1,199.09,1,17,5745600.0,1,0,0,0,0,0
Пермь,"р-н Ленинский, улица Борцов Революции, 1Ак4",1,1,40.4,1,4,5797626.0,1,0,0,0,0,0
Пермь,"р-н Ленинский, улица Борцов Революции, 1Ак2",1,1,40.2,1,4,5771843.0,1,0,0,0,0,0
Пермь,"р-н Мотовилихинский, улица Гашкова, 51",1,1,47.7,9,16,5794851.0,1,0,0,0,0,0
Пермь,"р-н Ленинский, улица Борцов Революции, 1Ак4",1,1,40.5,1,4,5798581.0,1,0,0,0,0,0
Пермь,"р-н Мотовилихинский, улица Гашкова, 51",1,2,47.0,1,16,5788141.0,1,0,0,0,0,0
Пермь,"р-н Дзержинский, мкр. ДКЖ, улица Татьяны Барамзиной, 32В",0,1,187.52,10,17,5756400.0,1,0,0,0,0,0
Пермь,"р-н Дзержинский, мкр. ДКЖ, улица Татьяны Барамзиной, 32В",0,1,200.56,1,17,5760900.0,1,0,0,0,0,0
Пермь,"р-н Мотовилихинский, Вышка II мкр, Патриот ЖК",0,3,221.46,2,10,5840000.0,1,0,0,0,0,0
Пермь,"р-н Мотовилихинский, Вышка II мкр, Патриот ЖК",0,3,223.11,1,10,5840000.0,1,0,0,0,0,0
Пермь,"р-н Индустриальный, мкр. Балатово, улица Танкистов, 111",0,2,172.44,1,4,5810000.0,1,0,0,0,0,0
Пермь,"р-н Дзержинский, мкр. ДКЖ, улица Татьяны Барамзиной, 32В",0,1,195.34,2,17,5826600.0,1,0,0,0,0,0
Пермь,"р-н Кировский, мкр. Нижняя Курья, Оханская улица, 17",0,2,183.42,2,6,5874810.0,1,0,0,0,0,0
Пермь,"р-н Дзержинский, мкр. Светлый, улица Малкова, 12",0,1,152.61,15,25,5999000.0,1,0,0,0,0,0
д. Кондратово,"улица Г.Н. Нифантова, 3к1",1,2,48.8,1,9,5900000.0,0,0,0,0,1,0
Пермь,"р-н Мотовилихинский, мкр. Рабочий поселок, улица КИМ, 45",0,1,173.04,2,12,5963559.0,1,0,0,0,0,0
Пермь,"р-н Дзержинский, мкр. ДКЖ, улица Татьяны Барамзиной, 32В",0,1,202.01,2,17,5985000.0,1,0,0,0,0,0
Пермь,"р-н Кировский, мкр. Нижняя Курья, Байкальская улица, 29",0,2,202.97,3,9,5967000.0,1,0,0,0,0,0
Пермь,"р-н Ленинский, улица Борцов Революции, 1А",1,1,38.5,1,4,5980874.0,1,0,0,0,0,0
Пермь,"р-н Ленинский, улица Борцов Революции, 1Ак2",1,1,35.5,1,4,5956395.0,1,0,0,0,0,0
Пермь,"р-н Мотовилихинский, мкр. Рабочий поселок, улица Металлистов, 18",0,2,177.32,1,10,5911550.0,1,0,0,0,0,0
Пермь,"р-н Мотовилихинский, мкр. Рабочий поселок, улица Металлистов, 18",0,2,173.7,3,10,5952640.0,1,0,0,0,0,0
Пермь,"р-н Свердловский, Краснова мкр, Красное яблоко ЖК",0,3,211.31,17,17,6030000.0,1,0,0,0,0,0
Пермь,"р-н Мотовилихинский, улица Гашкова, 51",1,2,54.1,5,16,6006105.0,1,0,0,0,0,0
Пермь,"р-н Свердловский, Краснова мкр, Красное яблоко ЖК",0,2,205.81,1,17,6000000.0,1,0,0,0,0,0
Пермь,"р-н Ленинский, улица Борцов Революции, 1А",1,1,36.7,1,4,6036326.0,1,0,0,0,0,0
Пермь,"р-н Мотовилихинский, улица Гашкова, 53к2с2",1,2,51.5,3,16,6041382.0,1,0,0,0,0,0
Пермь,"р-н Мотовилихинский, улица Гашкова, 53к2с2",1,2,51.3,1,16,6026329.0,1,0,0,0,0,0
Пермь,"р-н Мотовилихинский, мкр. Рабочий поселок, улица КИМ, 45",0,1,176.59,2,12,6076742.0,1,0,0,0,0,0
д. Кондратово,"улица Артемьевская, 6",1,2,50.8,13,16,6060000.0,0,0,0,0,1,0
Пермь,"р-н Индустриальный, мкр. Балатово, улица Милиционера Власова, 8",0,2,175.71,2,6,6093600.0,1,0,0,0,0,0
д. Кондратово,"улица Г.Н. Нифантова, 3к1",1,2,49.8,1,9,6070000.0,0,0,0,0,1,0
Пермь,"р-н Мотовилихинский, улица Гашкова, 53к2с2",1,3,59.1,1,16,6135124.0,1,0,0,0,0,0
Пермь,"р-н Свердловский, мкр. Новые Ляды, улица 40-летия Победы, 8А",0,3,253.48,1,9,6130800.0,1,0,0,0,0,0
Пермь,"р-н Мотовилихинский, улица Гашкова, 53к2с2",1,3,58.2,1,16,6135165.0,1,0,0,0,0,0
Пермь,"р-н Кировский, мкр. Нижняя Курья, Байкальская улица, 7А",0,2,203.42,14,16,6125000.0,1,0,0,0,0,0
Пермь,"р-н Свердловский, Краснова мкр, Красное яблоко ЖК",0,3,205.57,4,17,6150000.0,1,0,0,0,0,0
Пермь,"р-н Мотовилихинский, мкр. Рабочий поселок, улица КИМ, 45",0,1,166.89,11,12,6158780.0,1,0,0,0,0,0
Пермь,"р-н Мотовилихинский, улица Гашкова, 51",1,2,50.5,1,16,6223580.0,1,0,0,0,0,0
Пермь,"р-н Свердловский, Краснова мкр, Красное яблоко ЖК",0,3,209.73,6,17,6250000.0,1,0,0,0,0,0
Пермь,"р-н Кировский, мкр. Нижняя Курья, Оханская улица, 17",0,2,190.7,5,6,6272757.0,1,0,0,0,0,0
Пермь,"р-н Мотовилихинский, улица Гашкова, 51",1,2,64.1,11,16,6227797.0,1,0,0,0,0,0
Пермь,"р-н Кировский, мкр. Нижняя Курья, Байкальская улица, 7А",0,2,205.6,13,16,6230000.0,1,0,0,0,0,0
Пермь,"р-н Кировский, мкр. Закамск, улица Маршала Рыбалко, 103Б",0,3,234.9,6,10,6300000.0,1,0,0,0,0,0
Пермь,"р-н Индустриальный, мкр. Балатово, улица Милиционера Власова, 8",0,2,183.7,4,6,6338200.0,1,0,0,0,0,0
Пермь,"р-н Мотовилихинский, мкр. Рабочий поселок, улица КИМ, 45",0,1,183.14,6,12,6344498.0,1,0,0,0,0,0
Пермь,"р-н Мотовилихинский, улица Гашкова, 51",1,2,59.5,14,16,6366967.0,1,0,0,0,0,0
Пермь,"р-н Кировский, мкр. Нижняя Курья, Байкальская улица, 7А",0,2,210.29,1,7,6350000.0,1,0,0,0,0,0
Пермь,"р-н Кировский, мкр. Нижняя Курья, Байкальская улица, 7А",0,2,212.69,8,16,6475000.0,1,0,0,0,0,0
д. Кондратово,"улица Г.Н. Нифантова, 3к1",1,2,56.0,1,9,6490000.0,0,0,0,0,1,0
Пермь,"р-н Мотовилихинский, Целинная улица, 59",0,3,234.34,5,10,6400000.0,1,0,0,0,0,0
Пермь,"р-н Мотовилихинский, мкр. Рабочий поселок, улица Металлистов, 18",0,2,186.82,5,10,6469060.0,1,0,0,0,0,0
Пермь,"р-н Мотовилихинский, Целинная улица, 59",0,3,236.21,1,10,6400000.0,1,0,0,0,0,0
Пермь,"р-н Мотовилихинский, улица Гашкова, 51",1,2,56.3,8,16,6480688.0,1,0,0,0,0,0
Березники,"улица Шишкина, 79",0,3,265.38,2,5,6425195.0,0,1,0,0,0,0
Пермь,"р-н Индустриальный, мкр. Балатово, улица Милиционера Власова, 8",0,2,184.25,4,6,6501600.0,1,0,0,0,0,0
д. Кондратово,"улица Артемьевская, 2",1,2,59.9,14,14,6503726.0,0,0,0,0,1,0
Пермь,"р-н Свердловский, улица Куйбышева, 135",0,2,208.36,4,25,6540000.0,1,0,0,0,0,0
д. Кондратово,"улица Г.Н. Нифантова, 3к1",1,2,58.5,5,9,6550000.0,0,0,0,0,1,0
Пермь,"р-н Индустриальный, Шахтерская улица, 22",0,3,187.65,2,4,6559000.0,1,0,0,0,0,0
Пермь,"р-н Свердловский, улица Куйбышева, 135",0,2,209.27,1,25,6560000.0,1,0,0,0,0,0
Пермь,"р-н Кировский, мкр. Нижняя Курья, Оханская улица, 17",0,3,216.37,1,6,6627645.0,1,0,0,0,0,0
Пермь,"р-н Ленинский, улица Борцов Революции, 1Ак2",1,1,48.2,1,4,6634412.0,1,0,0,0,0,0
Пермь,"р-н Кировский, мкр. Нижняя Курья, Байкальская улица, 7А",0,2,219.83,3,16,6665000.0,1,0,0,0,0,0
Пермь,"р-н Мотовилихинский, улица Гашкова, 51",1,3,65.1,9,16,6717049.0,1,0,0,0,0,0
Пермь,"р-н Свердловский, улица Куйбышева, 135",0,2,228.15,1,25,6660000.0,1,0,0,0,0,0
Пермь,"р-н Кировский, мкр. Нижняя Курья, Оханская улица, 17",0,3,213.76,2,6,6722784.0,1,0,0,0,0,0
Пермь,"р-н Мотовилихинский, улица Гашкова, 51",1,2,61.8,1,16,6679183.0,1,0,0,0,0,0
Пермь,"р-н Кировский, мкр. Нижняя Курья, Байкальская улица, 7А",0,2,215.33,7,7,6665000.0,1,0,0,0,0,0
Пермь,"р-н Дзержинский, мкр. ДКЖ, улица Татьяны Барамзиной, 32В",0,1,220.42,1,17,6677000.0,1,0,0,0,0,0
Пермь,"р-н Дзержинский, мкр. ДКЖ, улица Татьяны Барамзиной, 32В",0,1,218.52,1,17,6697600.0,1,0,0,0,0,0
Пермь,"р-н Дзержинский, мкр. ДКЖ, улица Татьяны Барамзиной, 32В",0,2,222.08,1,17,6765000.0,1,0,0,0,0,0
Пермь,"р-н Свердловский, Краснова мкр, Красное яблоко ЖК",0,3,233.39,2,17,6870000.0,1,0,0,0,0,0
Пермь,"р-н Мотовилихинский, улица Гашкова, 51",1,3,72.1,10,16,6878879.0,1,0,0,0,0,0
Пермь,"р-н Свердловский, улица Куйбышева, 135",0,3,226.36,3,25,6810000.0,1,0,0,0,0,0
Пермь,"р-н Свердловский, Краснова мкр, Красное яблоко ЖК",0,2,224.75,1,17,6850000.0,1,0,0,0,0,0
Пермь,"р-н Свердловский, улица Куйбышева, 135",0,3,232.82,1,25,6840000.0,1,0,0,0,0,0
Пермь,"р-н Свердловский, улица Куйбышева, 135",0,3,228.75,4,25,6920000.0,1,0,0,0,0,0
Пермь,"р-н Индустриальный, мкр. Балатово, улица Танкистов, 111",0,2,190.18,2,4,6931000.0,1,0,0,0,0,0
Пермь,"р-н Мотовилихинский, улица Серебристая, 12",0,2,181.75,9,16,6990000.0,1,0,0,0,0,0
Пермь,"р-н Дзержинский, мкр. ДКЖ, улица Татьяны Барамзиной, 32В",0,2,224.75,1,17,6970800.0,1,0,0,0,0,0
Пермь,"р-н Мотовилихинский, Целинная улица, 59",0,3,243.28,4,10,7030000.0,1,0,0,0,0,0
Пермь,"р-н Кировский, мкр. Нижняя Курья, Байкальская улица, 7А",0,3,232.15,1,16,7005000.0,1,0,0,0,0,0
Пермь,"р-н Мотовилихинский, мкр. Городские Горки, бульвар Гагарина, 70",0,3,247.46,9,17,7000000.0,1,0,0,0,0,0
Пермь,"р-н Дзержинский, мкр. ДКЖ, улица Татьяны Барамзиной, 32В",0,2,231.47,1,17,7083400.0,1,0,0,0,0,0
Пермь,"р-н Ленинский, улица Борцов Революции, 1А",1,1,49.0,1,4,7249515.0,1,0,0,0,0,0
Пермь,"р-н Свердловский, улица Куйбышева, 135",0,3,245.91,2,25,7150000.0,1,0,0,0,0,0
Пермь,"р-н Мотовилихинский, улица Гашкова, 51",1,3,78.7,1,16,7172191.0,1,0,0,0,0,0
Пермь,"р-н Дзержинский, мкр. ДКЖ, улица Татьяны Барамзиной, 32В",0,1,232.82,1,17,7158300.0,1,0,0,0,0,0
Пермь,"р-н Мотовилихинский, улица Гашкова, 53к2с2",1,3,70.0,2,16,7294826.0,1,0,0,0,0,0
Пермь,"р-н Мотовилихинский, улица Гашкова, 53к2с2",1,3,69.4,2,16,7294821.0,1,0,0,0,0,0
Пермь,"р-н Индустриальный, мкр. Балатово, улица Танкистов, 111",0,2,196.35,4,4,7279000.0,1,0,0,0,0,0
Пермь,"р-н Ленинский, улица Борцов Революции, 1А",1,2,52.5,1,4,7318722.0,1,0,0,0,0,0
Пермь,"р-н Кировский, мкр. Нижняя Курья, Оханская улица, 17",0,3,219.79,2,6,7347279.0,1,0,0,0,0,0
Пермь,"р-н Свердловский, Краснова мкр, Красное яблоко ЖК",0,3,242.22,1,17,7320000.0,1,0,0,0,0,0
Пермь,"р-н Индустриальный, мкр. Балатово, улица Танкистов, 111",0,2,197.35,4,4,7337000.0,1,0,0,0,0,0
д. Кондратово,"улица Артемьевская, 6",1,2,65.2,2,16,7430000.0,0,0,0,0,1,0
Пермь,"р-н Ленинский, улица Борцов Революции, 1Ак4",1,1,46.9,1,4,7413195.0,1,0,0,0,0,0
Пермь,"р-н Индустриальный, Шахтерская улица, 22",0,3,203.21,2,4,7420000.0,1,0,0,0,0,0
Пермь,"р-н Дзержинский, мкр. ДКЖ, улица Татьяны Барамзиной, 32В",0,2,227.16,2,17,7402000.0,1,0,0,0,0,0
Пермь,"р-н Дзержинский, мкр. ДКЖ, улица Татьяны Барамзиной, 32В",0,2,233.58,1,17,7403000.0,1,0,0,0,0,0
Пермь,"р-н Дзержинский, мкр. ДКЖ, улица Татьяны Барамзиной, 32В",0,2,228.75,2,17,7387200.0,1,0,0,0,0,0
Пермь,"р-н Свердловский, улица Куйбышева, 135",0,3,254.46,3,25,7470000.0,1,0,0,0,0,0
Пермь,"р-н Ленинский, улица Борцов Революции, 1Ак5",1,2,58.1,1,4,7560045.0,1,0,0,0,0,0
д. Кондратово,"улица Н.М. Яблокова, 1",1,3,72.0,8,14,7554571.0,0,0,0,0,1,0
Пермь,"р-н Кировский, мкр. Нижняя Курья, Оханская улица, 17",0,3,229.33,2,6,7598100.0,1,0,0,0,0,0
Пермь,"р-н Мотовилихинский, мкр. Садовый, улица Юрша, 64",0,4,258.15,4,16,7630000.0,1,0,0,0,0,0
Пермь,"р-н Ленинский, улица Борцов Революции, 1Ак5",1,2,57.1,1,4,7637967.0,1,0,0,0,0,0
Пермь,"р-н Свердловский, Краснова мкр, Красное яблоко ЖК",0,3,265.83,5,14,7655000.0,1,0,0,0,0,0
Пермь,"р-н Ленинский, улица Борцов Революции, 1Ак5",1,1,36.9,1,4,7749000.0,1,0,0,0,0,0
Пермь,"р-н Ленинский, улица Борцов Революции, 1Ак3",1,2,58.1,4,4,7674917.0,1,0,0,0,0,0
Пермь,"р-н Свердловский, улица Куйбышева, 135",0,3,260.81,10,25,7720000.0,1,0,0,0,0,0
Пермь,"р-н Свердловский, мкр. Островский, улица Революции, 2А",1,2,53.85,9,25,7727475.0,1,0,0,0,0,0
Пермь,"р-н Кировский, мкр. Нижняя Курья, Байкальская улица, 7А",0,3,248.51,2,7,7730000.0,1,0,0,0,0,0
Пермь,"р-н Ленинский, улица Борцов Революции, 1А",1,2,58.3,1,4,7827562.0,1,0,0,0,0,0
Пермь,"р-н Мотовилихинский, мкр. Рабочий поселок, улица Металлистов, 18",0,2,215.9,2,10,7849720.0,1,0,0,0,0,0
Пермь,"р-н Ленинский, улица Борцов Революции, 1Ак3",1,2,56.8,1,4,7854469.0,1,0,0,0,0,0
Пермь,"р-н Ленинский, улица Борцов Революции, 1Ак6",1,2,58.4,1,4,7877842.0,1,0,0,0,0,0
Пермь,"р-н Ленинский, улица Борцов Революции, 1Ак4",1,2,58.2,1,4,7890767.0,1,0,0,0,0,0
Пермь,"р-н Индустриальный, мкр. Ераничи, улица Советской Армии, 82",0,3,213.76,7,9,7891200.0,1,0,0,0,0,0
Пермь,"р-н Дзержинский, мкр. ДКЖ, Парковый проспект, 56",0,2,187.52,7,9,7990000.0,1,0,0,0,0,0
Пермь,"р-н Ленинский, улица Борцов Революции, 1Ак5",1,2,61.3,2,4,7973729.0,1,0,0,0,0,0
Пермь,"р-н Ленинский, улица Борцов Революции, 1Ак5",1,2,61.5,2,4,7973721.0,1,0,0,0,0,0
Пермь,"р-н Мотовилихинский, мкр. Рабочий поселок, улица Металлистов, 18",0,3,217.08,2,10,7923420.0,1,0,0,0,0,0
Пермь,"р-н Ленинский, мкр. Центр, улица Окулова, 20",0,1,170.28,3,24,7954050.0,1,0,0,0,0,0
Пермь,"р-н Дзержинский, мкр. ДКЖ, улица Татьяны Барамзиной, 32В",0,2,236.03,4,17,7995900.0,1,0,0,0,0,0
Пермь,"р-н Свердловский, Краснова мкр, Красное яблоко ЖК",0,3,251.17,4,17,8140000.0,1,0,0,0,0,0
Пермь,"р-н Ленинский, улица Борцов Революции, 1А",1,2,61.1,1,4,8107686.0,1,0,0,0,0,0
Пермь,"р-н Мотовилихинский, улица Гашкова, 51",1,3,80.0,11,16,8149656.0,1,0,0,0,0,0
д. Кондратово,"улица Артемьевская, 2",1,3,79.0,1,14,8111246.0,0,0,0,0,1,0
Пермь,"р-н Мотовилихинский, мкр. Рабочий поселок, улица КИМ, 45",0,2,228.35,2,12,8212663.0,1,0,0,0,0,0
Пермь,"р-н Ленинский, улица Борцов Революции, 1А",1,2,61.5,2,4,8185314.0,1,0,0,0,0,0
Пермь,"р-н Мотовилихинский, мкр. Рабочий поселок, улица Металлистов, 18",0,3,224.46,2,10,8208460.0,1,0,0,0,0,0
Пермь,"р-н Ленинский, мкр. Разгуляй, Екатерининская улица, 10",0,1,187.78,3,6,8200000.0,1,0,0,0,0,0
д. Кондратово,"улица Н.М. Яблокова, 1",1,3,79.1,6,14,8278480.0,0,0,0,0,1,0
Пермь,"р-н Ленинский, улица Борцов Революции, 1Ак4",1,2,61.3,1,4,8252365.0,1,0,0,0,0,0
Пермь,"р-н Мотовилихинский, мкр. Рабочий поселок, улица Металлистов, 18",0,3,229.24,1,10,8261350.0,1,0,0,0,0,0
д. Кондратово,"улица Н.М. Яблокова, 1",1,3,79.6,9,14,8275558.0,0,0,0,0,1,0
Пермь,"р-н Мотовилихинский, Целинная улица, 47Б",1,3,79.1,5,7,8261861.0,1,0,0,0,0,0
Пермь,"р-н Индустриальный, мкр. Ераничи, улица Советской Армии, 82",0,2,213.09,2,9,8308500.0,1,0,0,0,0,0
Пермь,"р-н Ленинский, мкр. Центр, улица Окулова, 20",0,2,195.87,2,24,8451690.0,1,0,0,0,0,0
Пермь,"р-н Мотовилихинский, мкр. Рабочий поселок, улица КИМ, 45",0,2,223.52,6,12,8502989.0,1,0,0,0,0,0
Пермь,"р-н Дзержинский, мкр. ДКЖ, улица Татьяны Барамзиной, 32В",0,3,251.67,2,17,8525000.0,1,0,0,0,0,0
Пермь,"р-н Свердловский, мкр. Островский, улица Революции, 2А",1,2,68.95,4,25,8618750.0,1,0,0,0,0,0
Пермь,"р-н Мотовилихинский, мкр. Рабочий поселок, улица КИМ, 45",0,2,241.15,2,12,8603414.0,1,0,0,0,0,0
Пермь,"р-н Дзержинский, мкр. ДКЖ, улица Татьяны Барамзиной, 32В",0,2,255.43,2,17,8618400.0,1,0,0,0,0,0
Пермь,"р-н Ленинский, улица Борцов Революции, 1Ак5",1,2,66.0,1,4,8605674.0,1,0,0,0,0,0
Пермь,"р-н Ленинский, улица Борцов Революции, 1Ак3",1,2,61.9,1,4,8717585.0,1,0,0,0,0,0
Пермь,"р-н Ленинский, улица Борцов Революции, 1Ак2",1,2,65.6,1,4,8780373.0,1,0,0,0,0,0
Пермь,"р-н Мотовилихинский, Целинная улица, 47Б",1,3,81.3,1,7,8857594.0,1,0,0,0,0,0
Пермь,"р-н Ленинский, мкр. Центр, улица Окулова, 20",0,2,197.73,6,24,8830500.0,1,0,0,0,0,0
Пермь,"р-н Дзержинский, мкр. ДКЖ, улица Татьяны Барамзиной, 32В",0,3,253.65,3,17,8814400.0,1,0,0,0,0,0
Пермь,"р-н Мотовилихинский, улица Серебристая, 18",1,3,66.5,2,16,8983800.0,1,0,0,0,0,0
Пермь,"р-н Ленинский, улица Борцов Революции, 1Ак4",1,2,66.0,1,4,8977052.0,1,0,0,0,0,0
Пермь,"р-н Ленинский, улица Борцов Революции, 1Ак6",1,2,65.8,1,4,8948468.0,1,0,0,0,0,0
Пермь,"р-н Мотовилихинский, мкр. Рабочий поселок, улица Анри Барбюса, 53",0,3,274.51,10,10,8950000.0,1,0,0,0,0,0
Пермь,"р-н Свердловский, мкр. Громовский, улица Елькина, 14",0,3,232.63,4,10,9050000.0,1,0,0,0,0,0
Пермь,"р-н Ленинский, улица Борцов Революции, 1Ак3",1,2,66.0,1,4,9043996.0,1,0,0,0,0,0
Пермь,"р-н Свердловский, мкр. Островский, улица Революции, 2А",1,2,68.4,18,25,9063000.0,1,0,0,0,0,0
Пермь,"р-н Ленинский, улица Борцов Революции, 1Ак3",1,3,72.9,3,4,9161747.0,1,0,0,0,0,0
Пермь,"р-н Свердловский, мкр. Островский, улица Революции, 2А",1,2,70.25,14,25,9167625.0,1,0,0,0,0,0
Пермь,"р-н Ленинский, улица Борцов Революции, 1Ак5",1,1,48.5,1,4,9215000.0,1,0,0,0,0,0
Пермь,"р-н Ленинский, мкр. Центр, улица Окулова, 20",0,2,192.01,5,24,9215000.0,1,0,0,0,0,0
Пермь,"р-н Ленинский, мкр. Разгуляй, Екатерининская улица, 10",0,1,209.73,3,6,9200000.0,1,0,0,0,0,0
Пермь,"р-н Ленинский, улица Борцов Революции, 1Ак4",1,2,69.7,4,4,9298301.0,1,0,0,0,0,0
Пермь,"р-н Ленинский, улица Борцов Революции, 1Ак6",1,2,70.1,2,4,9430641.0,1,0,0,0,0,0
Пермь,"р-н Ленинский, мкр. Центр, улица Окулова, 20",0,2,218.54,2,24,9449980.0,1,0,0,0,0,0
Пермь,"р-н Свердловский, мкр. Островский, улица Революции, 2А",1,2,65.6,20,25,9544800.0,1,0,0,0,0,0
Пермь,"р-н Ленинский, улица Борцов Революции, 1А",1,2,70.4,2,4,9578119.0,1,0,0,0,0,0
Пермь,"р-н Индустриальный, мкр. Балатово, улица Милиционера Власова, 8",0,3,237.14,5,6,9711200.0,1,0,0,0,0,0
Пермь,"р-н Мотовилихинский, мкр. Рабочий поселок, улица КИМ, 45",0,3,245.91,5,12,9700000.0,1,0,0,0,0,0
Пермь,"р-н Ленинский, мкр. Центр, улица Окулова, 20",0,2,220.02,3,24,9802620.0,1,0,0,0,0,0
Пермь,"р-н Ленинский, улица Борцов Революции, 1А",1,3,73.6,3,4,9974814.0,1,0,0,0,0,0
Пермь,"р-н Ленинский, улица Борцов Революции, 1Ак3",1,2,75.5,4,4,10017189.0,1,0,0,0,0,0
Пермь,"р-н Ленинский, улица Борцов Революции, 1Ак2",1,2,75.2,2,4,9996437.0,1,0,0,0,0,0
Пермь,"р-н Ленинский, улица Борцов Революции, 1Ак3",1,2,75.2,3,4,9970516.0,1,0,0,0,0,0
Пермь,"р-н Ленинский, мкр. Центр, улица Окулова, 20",0,3,227.7,2,24,10026120.0,1,0,0,0,0,0
Пермь,"р-н Ленинский, улица Борцов Революции, 1А",1,3,73.4,3,4,9982085.0,1,0,0,0,0,0
Пермь,"р-н Ленинский, мкр. Центр, улица Окулова, 20",0,2,217.43,14,24,10020010.0,1,0,0,0,0,0
Пермь,"р-н Ленинский, улица Борцов Революции, 1Ак4",1,2,74.9,3,4,10075133.0,1,0,0,0,0,0
Пермь,"р-н Ленинский, улица Борцов Революции, 1Ак2",1,2,69.7,4,4,10082725.0,1,0,0,0,0,0
Пермь,"р-н Мотовилихинский, мкр. Рабочий поселок, улица Металлистов, 18",0,2,254.5,2,10,10140160.0,1,0,0,0,0,0
Пермь,"р-н Ленинский, улица Борцов Революции, 1А",1,2,75.2,3,4,10223076.0,1,0,0,0,0,0
Пермь,"р-н Ленинский, улица Борцов Революции, 1А",1,2,75.5,4,4,10226541.0,1,0,0,0,0,0
Пермь,"р-н Ленинский, улица Борцов Революции, 1Ак6",1,2,75.0,3,4,10215922.0,1,0,0,0,0,0
Пермь,"р-н Ленинский, мкр. Центр, улица Окулова, 20",0,3,230.23,2,24,10227360.0,1,0,0,0,0,0
Пермь,"р-н Ленинский, мкр. Центр, улица Окулова, 20",0,3,225.72,9,24,10314640.0,1,0,0,0,0,0
Пермь,"р-н Свердловский, мкр. Островский, улица Революции, 2А",1,3,84.4,3,25,10254600.0,1,0,0,0,0,0
Пермь,"р-н Мотовилихинский, мкр. Рабочий поселок, улица Металлистов, 18",0,3,255.53,3,10,10301940.0,1,0,0,0,0,0
Пермь,"р-н Мотовилихинский, мкр. Рабочий поселок, улица Металлистов, 18",0,3,254.5,8,10,10377820.0,1,0,0,0,0,0
Пермь,"р-н Свердловский, мкр. Островский, улица Революции, 2А",1,2,70.5,22,25,10398750.0,1,0,0,0,0,0
Пермь,"р-н Ленинский, мкр. Центр, улица Окулова, 20",0,2,191.28,23,24,10367300.0,1,0,0,0,0,0
Пермь,"р-н Свердловский, мкр. Островский, улица Революции, 2А",1,3,84.85,9,25,10521400.0,1,0,0,0,0,0
Пермь,"р-н Ленинский, мкр. Центр, улица Окулова, 20",0,3,229.14,6,24,10465000.0,1,0,0,0,0,0
Пермь,"р-н Ленинский, улица Борцов Революции, 1Ак2",1,2,70.6,1,4,10547317.0,1,0,0,0,0,0
Пермь,"р-н Индустриальный, мкр. Балатово, улица Милиционера Власова, 8",0,4,253.97,4,6,10557000.0,1,0,0,0,0,0
Пермь,"р-н Ленинский, мкр. Центр, улица Окулова, 20",0,3,238.45,2,24,10766140.0,1,0,0,0,0,0
Пермь,"р-н Свердловский, мкр. Островский, улица Революции, 2А",1,3,96.95,5,25,11294675.0,1,0,0,0,0,0
Пермь,"р-н Индустриальный, мкр. Ераничи, улица Советской Армии, 82",0,3,265.83,2,9,11504500.0,1,0,0,0,0,0
Пермь,"р-н Свердловский, мкр. Островский, улица Революции, 2А",1,3,95.8,18,25,11783400.0,1,0,0,0,0,0
Пермь,"р-н Мотовилихинский, мкр. Рабочий поселок, улица КИМ, 45",0,4,290.36,2,12,11935154.0,1,0,0,0,0,0
Пермь,"р-н Ленинский, мкр. Разгуляй, Екатерининская улица, 10",0,2,252.33,6,6,13240000.0,1,0,0,0,0,0
Пермь,"р-н Ленинский, мкр. Разгуляй, Екатерининская улица, 10",0,2,252.33,6,6,13240000.0,1,0,0,0,0,0
Пермь,"р-н Ленинский, мкр. Центр, улица Окулова, 20",0,1,233.77,20,24,13480000.0,1,0,0,0,0,0
Пермь,"р-н Ленинский, мкр. Центр, улица Окулова, 20",0,3,252.89,3,24,14239680.0,1,0,0,0,0,0
Пермь,"р-н Ленинский, мкр. Центр, улица Окулова, 20",0,4,254.88,2,24,14620640.0,1,0,0,0,0,0
Пермь,"р-н Ленинский, мкр. Центр, улица Окулова, 20",0,4,256.06,3,24,14835150.0,1,0,0,0,0,0
Пермь,"р-н Ленинский, мкр. Разгуляй, Пермская улица, 33",1,1,54.0,5,9,15500000.0,1,0,0,0,0,0
Пермь,"р-н Ленинский, мкр. Центр, улица Окулова, 18",0,1,237.14,24,25,15450000.0,1,0,0,0,0,0
Пермь,"р-н Ленинский, мкр. Центр, улица Окулова, 20",0,4,271.92,5,24,16320600.0,1,0,0,0,0,0
Пермь,"р-н Ленинский, мкр. Центр, улица Окулова, 20",0,2,255.37,20,24,16350800.0,1,0,0,0,0,0
Пермь,"р-н Ленинский, мкр. Центр, улица Окулова, 20",0,4,271.44,3,24,16530390.0,1,0,0,0,0,0
Пермь,"р-н Ленинский, мкр. Разгуляй, Пермская улица, 33",1,1,57.5,5,9,16490000.0,1,0,0,0,0,0
Пермь,"р-н Ленинский, мкр. Центр, улица Окулова, 20",0,4,269.74,2,24,16581900.0,1,0,0,0,0,0
Пермь,"р-н Ленинский, мкр. Разгуляй, Пермская улица, 33",1,1,74.6,6,11,16990000.0,1,0,0,0,0,0
Пермь,"р-н Свердловский, мкр. Островский, улица Революции, 2А",1,3,120.7,25,25,17260100.0,1,0,0,0,0,0
Пермь,"р-н Ленинский, мкр. Разгуляй, Пермская улица, 33",1,1,64.9,9,9,18000000.0,1,0,0,0,0,0
Пермь,"р-н Ленинский, мкр. Разгуляй, Пермская улица, 33",1,1,54.9,6,9,18000000.0,1,0,0,0,0,0
Пермь,"р-н Ленинский, мкр. Центр, улица Окулова, 20",0,4,313.75,3,24,22367840.0,1,0,0,0,0,0
Пермь,"р-н Ленинский, мкр. Центр, улица Окулова, 20",0,4,312.96,8,24,23475690.0,1,0,0,0,0,0
Пермь,"р-н Ленинский, мкр. Разгуляй, Пермская улица, 33",1,2,97.2,7,9,24000000.0,1,0,0,0,0,0
Пермь,"р-н Свердловский, мкр. Островский, улица Революции, 2А",1,4,168.7,25,25,23955400.0,1,0,0,0,0,0
Пермь,"р-н Ленинский, мкр. Разгуляй, Пермская улица, 33",1,3,111.8,7,9,25000000.0,1,0,0,0,0,0
Пермь,"р-н Ленинский, мкр. Центр, улица Окулова, 20",0,3,336.68,24,24,29742000.0,1,0,0,0,0,0
Пермь,"р-н Ленинский, мкр. Разгуляй, Пермская улица, 33",1,3,141.1,6,11,29990000.0,1,0,0,0,0,0
Пермь,"р-н Ленинский, мкр. Разгуляй, Пермская улица, 33",1,2,88.1,5,9,31500000.0,1,0,0,0,0,0
Пермь,"р-н Ленинский, мкр. Разгуляй, Пермская улица, 33",1,3,109.6,5,9,33500000.0,1,0,0,0,0,0
Пермь,"р-н Дзержинский, мкр. Плоский, Вильвенская улица, 2",0,6,502.0,20,20,35226000.0,1,0,0,0,0,0
Пермь,"р-н Ленинский, мкр. Разгуляй, Пермская улица, 33",1,3,137.0,8,11,39000000.0,1,0,0,0,0,0
Пермь,"р-н Ленинский, мкр. Разгуляй, Пермская улица, 33",1,4,144.8,5,11,41990000.0,1,0,0,0,0,0
Пермь,"р-н Ленинский, мкр. Разгуляй, Пермская улица, 33",1,5,172.4,9,11,50000000.0,1,0,0,0,0,0
остальные,"Сарс рп, улица Огнева, 1",0,2,172.44,2,2,1000000.0,0,0,0,0,0,1
Пермь,"р-н Свердловский, мкр. Октябрьский, Вижайская улица, 24",0,0,42.16,9,9,1620000.0,1,0,0,0,0,0
Пермь,"р-н Свердловский, мкр. Октябрьский, улица Емельяна Ярославского, 10/1",0,2,143.52,1,9,1950000.0,1,0,0,0,0,0
Пермь,"р-н Свердловский, мкр. Октябрьский, Брестская улица, 13",0,1,130.46,1,2,2049000.0,1,0,0,0,0,0
Березники,"улица Потемина, 9",0,2,183.7,5,6,2200000.0,0,1,0,0,0,0
остальные,"улица Октябрьская, 14",0,1,127.94,3,3,2250000.0,0,0,0,0,0,1
остальные,"пос. Майский, улица 9-й Пятилетки, 7",0,2,179.77,2,5,2370000.0,0,0,0,0,0,1
Пермь,"р-н Дзержинский, мкр. Комсомольский, Ветлужская улица, 28",0,2,206.51,1,2,2400000.0,1,0,0,0,0,0
остальные,"улица Октябрьская, 1",0,2,178.91,1,3,2750000.0,0,0,0,0,0,1
остальные,"улица Победы, 29К1",0,2,202.97,5,5,2750000.0,0,0,0,0,0,1
Пермь,"р-н Свердловский, мкр. Южный, Братская улица, 175",0,1,144.27,1,4,2890000.0,1,0,0,0,0,0
Пермь,"р-н Индустриальный, мкр. Балатово, улица Качалова, 32",0,0,132.12,1,4,2890000.0,1,0,0,0,0,0
Пермь,"р-н Дзержинский, мкр. Железнодорожный, Заречная улица, 138",0,2,173.34,3,5,3090000.0,1,0,0,0,0,0
остальные,"улица 50 лет Октября, 19",0,1,147.96,1,5,3130000.0,0,0,0,0,0,1
Пермь,"р-н Дзержинский, мкр. Железнодорожный, Хабаровская улица, 157",0,2,176.88,4,5,3190000.0,1,0,0,0,0,0
Пермь,"р-н Свердловский, мкр. Октябрьский, улица Лукоянова, 8/2",0,2,181.47,2,5,3200000.0,1,0,0,0,0,0
Пермь,"р-н Кировский, мкр. Нижняя Курья, улица Адмирала Ушакова, 34А",0,0,114.04,8,10,3380000.0,1,0,0,0,0,0
Пермь,"р-н Индустриальный, мкр. Нагорный, улица Архитектора Свиязева, 16",0,1,133.75,2,5,3400000.0,1,0,0,0,0,0
Пермь,"р-н Свердловский, мкр. Владимирский, Пихтовая улица, 42",0,1,147.96,1,10,3480000.0,1,0,0,0,0,0
Пермь,"р-н Кировский, мкр. Закамск, улица Липатова, 4",0,2,174.83,1,6,3500000.0,1,0,0,0,0,0
Пермь,"р-н Кировский, мкр. Закамск, Кировоградская улица, 61",0,3,245.73,1,2,3500000.0,1,0,0,0,0,0
Пермь,"р-н Свердловский, мкр. Краснова, улица Моторостроителей, 9",0,2,178.33,9,9,3790000.0,1,0,0,0,0,0
Пермь,"р-н Свердловский, мкр. Зеленое хозяйство, улица Льва Шатрова, 20",0,2,186.17,5,5,3850000.0,1,0,0,0,0,0
Пермь,"р-н Мотовилихинский, мкр. Садовый, улица Юрша, 9",0,1,148.33,2,9,4000000.0,1,0,0,0,0,0
Пермь,"р-н Кировский, мкр. Закамск, Ямпольская улица, 13",0,2,194.07,6,13,4080000.0,1,0,0,0,0,0
Пермь,"р-н Орджоникидзевский, мкр. КамГЭС, улица Менжинского, 45",0,2,201.04,9,10,4150000.0,1,0,0,0,0,0
Пермь,"р-н Свердловский, улица Красные Казармы, 68",0,0,152.26,1,25,4330000.0,1,0,0,0,0,0
Пермь,"р-н Кировский, мкр. Закамск, Кировоградская улица, 68А",0,1,188.05,16,18,4300000.0,1,0,0,0,0,0
Пермь,"р-н Дзержинский, мкр. Железнодорожный, Хабаровская улица, 135",0,2,193.3,8,10,4390000.0,1,0,0,0,0,0
Пермь,"р-н Мотовилихинский, мкр. Садовый, улица Юрша, 54",0,1,146.13,6,12,4350000.0,1,0,0,0,0,0
Пермь,"р-н Мотовилихинский, мкр. Вышка-2, улица Гашкова, 30/3",0,2,193.3,2,10,4450000.0,1,0,0,0,0,0
Пермь,"р-н Свердловский, улица Пушкина, 66",0,2,183.7,5,5,4500000.0,1,0,0,0,0,0
Пермь,"р-н Индустриальный, мкр. Новоплоский, улица Карпинского, 49А",0,0,134.96,2,20,4500000.0,1,0,0,0,0,0
Пермь,"р-н Орджоникидзевский, мкр. Энергетик, Краснослудская улица, 8",0,3,228.15,6,9,4500000.0,1,0,0,0,0,0
Пермь,"р-н Индустриальный, мкр. Балатово, улица Баумана, 25А",0,2,177.17,4,5,4500000.0,1,0,0,0,0,0
Пермь,"р-н Орджоникидзевский, мкр. Гайва, улица Маршала Толбухина, 3",0,2,202.97,1,9,4600000.0,1,0,0,0,0,0
Пермь,"р-н Дзержинский, мкр. Светлый, Рабочая улица, 1",0,2,186.44,4,5,4700000.0,1,0,0,0,0,0
Пермь,"р-н Индустриальный, мкр. Балатово, улица Баумана, 21Б",0,2,179.77,2,5,4900000.0,1,0,0,0,0,0
Пермь,"р-н Индустриальный, мкр. Балатово, улица Комбайнеров, 39",0,1,163.71,6,10,4950000.0,1,0,0,0,0,0
Пермь,"р-н Индустриальный, мкр. Авиагородок, улица Карпинского, 107",0,2,201.77,2,9,5000000.0,1,0,0,0,0,0
Пермь,"р-н Орджоникидзевский, мкр. Гайва, улица Карбышева, 48",0,3,209.27,2,5,5050000.0,1,0,0,0,0,0
Пермь,"р-н Дзержинский, мкр. Железнодорожный, Красноводская улица, 15",0,2,188.05,8,18,5500000.0,1,0,0,0,0,0
Пермь,"р-н Ленинский, мкр. Центр, Петропавловская улица, 89",0,1,149.05,2,12,5550000.0,1,0,0,0,0,0
Пермь,"р-н Орджоникидзевский, мкр. Молодежный, улица Льва Лаврова, 14",0,4,265.68,6,9,5700000.0,1,0,0,0,0,0
Пермь,"р-н Свердловский, Комсомольский проспект, 67",0,2,223.11,5,5,5700000.0,1,0,0,0,0,0
Пермь,"р-н Мотовилихинский, мкр. Садовый, улица Старцева, 15/2",0,3,234.15,3,9,5700000.0,1,0,0,0,0,0
Пермь,"р-н Индустриальный, мкр. Балатово, улица Снайперов, 1",0,1,180.33,10,18,5750000.0,1,0,0,0,0,0
Пермь,"р-н Мотовилихинский, мкр. Городские Горки, бульвар Гагарина, 66",0,3,224.14,5,10,6350000.0,1,0,0,0,0,0
Пермь,"р-н Ленинский, мкр. Центр, Петропавловская улица, 79",0,3,218.94,5,9,6700000.0,1,0,0,0,0,0
Пермь,"р-н Свердловский, мкр. Островский, Рабоче-крестьянская улица, 6",0,2,203.21,5,10,6650000.0,1,0,0,0,0,0
Пермь,"р-н Свердловский, мкр. Свердловский, Комсомольский проспект, 75",0,2,214.63,4,5,6990000.0,1,0,0,0,0,0
Пермь,"р-н Индустриальный, мкр. Балатово, улица Советской Армии, 30",0,2,240.79,7,11,7000000.0,1,0,0,0,0,0
Пермь,"р-н Свердловский, мкр. Островский, улица Тимирязева, 24",0,2,226.76,4,15,7400000.0,1,0,0,0,0,0
Пермь,"р-н Свердловский, улица Полины Осипенко, 56",0,3,252.83,5,5,7700000.0,1,0,0,0,0,0
Пермь,"р-н Мотовилихинский, мкр. Городские Горки, улица Тургенева, 33Д",0,3,224.75,16,25,8900000.0,1,0,0,0,0,0
Пермь,"р-н Мотовилихинский, мкр. Городские Горки, бульвар Гагарина, 74В",0,3,245.73,6,21,9050000.0,1,0,0,0,0,0
Пермь,"р-н Мотовилихинский, Пушкарская улица, 142",0,3,316.6,15,16,11300000.0,1,0,0,0,0,0
Пермь,"р-н Свердловский, мкр. Островский, улица Максима Горького, 49",0,4,283.06,6,15,14850000.0,1,0,0,0,0,0
Пермь,"р-н Ленинский, мкр. Разгуляй, Пермская улица, 8",0,3,302.63,8,10,15800000.0,1,0,0,0,0,0
Пермь,"р-н Свердловский, мкр. Островский, улица Революции, 21В",0,3,290.11,11,24,20800000.0,1,0,0,0,0,0
остальные,"пос. Северный Коспашский, улица Фурманова, 15",0,1,135.76,3,5,149000.0,0,0,0,0,0,1
остальные,"Новоильинский рп, улица Орджоникидзе",0,1,86.7,1,1,180000.0,0,0,0,0,0,1
Александровск,"пос. Карьер Известняк, улица Гоголя, 8",0,2,172.13,3,4,280000.0,0,0,0,0,0,0
остальные,"пос. Комарихинский, улица Железнодорожная, 94А",0,2,158.78,2,2,300000.0,0,0,0,0,0,1
остальные,"с. Острожка, улица Пономарева",0,2,154.7,2,2,300000.0,0,0,0,0,0,1
остальные,пос. Южный Коспашский,0,2,174.83,2,4,350000.0,0,0,0,0,0,1
остальные,"Пашия рп, улица Свердловская, 29",0,3,225.15,1,5,365850.0,0,0,0,0,0,1
остальные,"пос. Всесвятская, улица Спорта, 8",0,2,174.83,2,2,350000.0,0,0,0,0,0,1
Александровск,"Всеволодо-Вильва пгт, улица Урицкого, 24",0,3,215.07,4,5,420000.0,0,0,0,0,0,0
Оханск,"Советская улица, 39",0,1,130.04,2,2,400000.0,0,0,1,0,0,0
Александровск,"улица Чернышевского, 3",0,2,180.62,2,2,460000.0,0,0,0,0,0,0
Чайковский,"Приморский бульвар, 59",0,1,30.8,4,4,450000.0,0,0,0,1,0,0
остальные,"Горнозаводск, улица Мира, 30",0,1,145.39,3,5,455000.0,0,0,0,0,0,1
остальные,"с. Кыласово, улица Кленовая, 5",0,1,77.59,1,1,470000.0,0,0,0,0,0,1
остальные,"Уральский рп, улица Молодежная, 17",0,2,207.9,1,2,500000.0,0,0,0,0,0,1
Чайковский,"улица Карла Маркса, 3/1",0,1,11.0,6,9,530000.0,0,0,0,1,0,0
остальные,"улица Швейников, 29",0,3,205.1,1,5,500000.0,0,0,0,0,0,1
Александровск,"пос. Карьер Известняк, Юбилейная улица, 3",0,3,201.77,2,5,500000.0,0,0,0,0,0,0
Чайковский,"улица Карла Маркса, 3/1",0,0,11.0,4,9,500000.0,0,0,0,1,0,0
остальные,"пос. Северный Коспашский, улица Фурманова, 15",0,2,178.33,2,5,550000.0,0,0,0,0,0,1
остальные,"пос. Северный Коспашский, улица Крепильщиков, 31",0,3,219.37,4,5,550000.0,0,0,0,0,0,1
остальные,"д. Окуловка, улица Спортивная, 11",0,2,188.05,1,1,590000.0,0,0,0,0,0,1
Александровск,"Яйва пгт, улица 6-й Пятилетки, 12",0,1,137.75,1,2,600000.0,0,0,0,0,0,0
Оханск,"Первомайская улица, 47/2",0,2,140.09,2,2,600000.0,0,0,1,0,0,0
остальные,"пос. Дивья, улица Советская",0,1,140.09,1,1,650000.0,0,0,0,0,0,1
Березники,"улица Ломоносова, 147",0,1,72.44,4,5,690000.0,0,1,0,0,0,0
остальные,"с. Андреевка, улица Дружбы, 3",0,2,207.9,1,1,650000.0,0,0,0,0,0,1
остальные,"пос. Черное, улица Рабочая, 8",0,2,167.83,1,2,730000.0,0,0,0,0,0,1
Березники,"улица Свердлова, 51",0,1,28.02,4,5,700000.0,0,1,0,0,0,0
Оханск,"улица Пролетарская, 11",0,2,156.07,1,2,700000.0,0,0,1,0,0,0
остальные,"д. Тулумбаиха, улица Новая, 3",0,2,195.85,1,2,700000.0,0,0,0,0,0,1
Березники,"Юбилейная улица, 69",0,1,23.26,3,5,750000.0,0,1,0,0,0,0
Александровск,"Яйва пгт, улица 8 Марта, 3",0,1,144.65,5,5,770000.0,0,0,0,0,0,0
Оханск,"улица 200-летия Оханска, 23",0,1,158.11,4,5,780000.0,0,0,1,0,0,0
Оханск,"улица Ленина, 75",0,1,139.7,4,5,750000.0,0,0,1,0,0,0
остальные,"пос. Кукуштан, улица Геологов, 2",0,2,160.11,1,2,750000.0,0,0,0,0,0,1
остальные,"с. Центральная усадьба 3 Госконезавода, улица Советская, 34",0,3,215.94,1,1,750000.0,0,0,0,0,0,1
остальные,"улица Строганова, 5",0,1,148.69,4,5,800000.0,0,0,0,0,0,1
остальные,"с. Орда, Северная улица",0,1,135.76,2,2,818000.0,0,0,0,0,0,1
остальные,"Уральский рп, улица Сукманская, 24",0,3,223.93,1,2,800000.0,0,0,0,0,0,1
Александровск,"улица Жданова, 17",0,3,202.49,2,2,850000.0,0,0,0,0,0,0
Березники,"улица Ломоносова, 147",0,1,69.79,5,5,850000.0,0,1,0,0,0,0
Березники,"улица Свердлова, 51А",0,1,69.79,3,5,890000.0,0,1,0,0,0,0
остальные,"д. Половинка, улица Спортивная, 6",0,3,225.15,1,1,870000.0,0,0,0,0,0,1
остальные,"с. Орда, Советская улица, 118",0,2,162.74,1,2,900000.0,0,0,0,0,0,1
остальные,"с. Половодово, улица Чкалова, 8",0,1,134.96,2,2,900000.0,0,0,0,0,0,1
Оханск,"улица 200-летия Оханска, 25А",0,3,223.32,1,1,900000.0,0,0,1,0,0,0
Оханск,"Первомайская улица, 19",0,3,192.79,1,2,900000.0,0,0,1,0,0,0
Александровск,"Яйва пгт, Заводская улица, 44",0,2,210.41,2,2,900000.0,0,0,0,0,0,0
Березники,"улица Ломоносова, 131А",0,1,113.57,4,5,990000.0,0,1,0,0,0,0
Александровск,"Яйва пгт, Заводская улица, 38",0,2,168.14,4,4,950000.0,0,0,0,0,0,0
Александровск,"Яйва пгт, улица 6-й Пятилетки, 15",0,1,130.88,2,4,960000.0,0,0,0,0,0,0
Оханск,"улица Белинского, 9",0,3,186.98,1,2,950000.0,0,0,1,0,0,0
Березники,"Юбилейная улица, 69",0,1,71.12,3,5,1030000.0,0,1,0,0,0,0
остальные,"с. Родники, улица Молодежная, 4",0,2,171.53,2,2,1050000.0,0,0,0,0,0,1
Березники,"улица Ломоносова, 147",0,1,108.23,5,5,1080000.0,0,1,0,0,0,0
остальные,"Уральский рп, улица Набережная, 16А",0,2,176.59,5,5,1050000.0,0,0,0,0,0,1
Александровск,"Яйва пгт, Юбилейная улица, 1",0,2,180.9,5,5,1100000.0,0,0,0,0,0,0
остальные,"улица Суворова, 9",0,2,173.04,2,5,1100000.0,0,0,0,0,0,1
остальные,"проспект Ленина, 61А",0,2,166.58,5,5,1100000.0,0,0,0,0,0,1
остальные,"д. Брагино, улица Центральная, 1",0,1,164.67,1,2,1100000.0,0,0,0,0,0,1
Оханск,"улица Серова, 4",0,2,175.71,2,2,1100000.0,0,0,1,0,0,0
Оханск,"улица Винокурова, 16",0,2,179.77,3,4,1100000.0,0,0,1,0,0,0
Александровск,"улица Ленина, 22",0,3,214.63,1,5,1150000.0,0,0,0,0,0,0
остальные,"пос. Нижнее Мошево, улица Ковалева, 5",0,2,195.85,2,2,1200000.0,0,0,0,0,0,1
Березники,"улица Свердлова, 51",0,2,109.71,4,5,1200000.0,0,1,0,0,0,0
Березники,"улица Парижской Коммуны, 30",0,1,128.78,2,5,1200000.0,0,1,0,0,0,0
Александровск,Яйва пгт,0,2,174.53,2,2,1200000.0,0,0,0,0,0,0
остальные,"Новоильинский рп, улица Свердлова, 3",0,2,178.91,1,4,1200000.0,0,0,0,0,0,1
остальные,"с. Большой Букор, улица Победы, 8",0,2,254.14,1,1,1200000.0,0,0,0,0,0,1
остальные,"улица Свободы, 41",0,3,233.96,2,2,1284000.0,0,0,0,0,0,1
Александровск,"Яйва пгт, Коммунистическая улица, 17",0,2,182.03,5,5,1280000.0,0,0,0,0,0,0
Березники,"Юбилейная улица, 69А",0,2,97.38,3,5,1280000.0,0,1,0,0,0,0
Березники,"улица Ломоносова, 131",0,1,67.08,2,5,1300000.0,0,1,0,0,0,0
Березники,"улица Мира, 120",0,1,89.6,2,5,1340000.0,0,1,0,0,0,0
Березники,"улица Хользунова, 78А",0,2,181.47,1,2,1300000.0,0,1,0,0,0,0
Оханск,улица Кирова,0,3,337.83,1,2,1300000.0,0,0,1,0,0,0
Березники,"Большевистская улица, 4",0,2,138.53,2,3,1380000.0,0,1,0,0,0,0
Березники,"улица Фрунзе, 8",0,2,158.11,1,2,1390000.0,0,1,0,0,0,0
Пермь,"р-н Индустриальный, мкр. Нагорный, улица Геологов, 11/2",0,0,35.29,1,5,1400000.0,1,0,0,0,0,0
остальные,"с. Пыскор, улица Мира, 10",0,2,198.84,2,2,1400000.0,0,0,0,0,0,1
Александровск,"Яйва пгт, Юбилейная улица, 1",0,3,221.59,2,5,1400000.0,0,0,0,0,0,0
Оханск,"улица Ленина, 79",0,3,210.86,2,5,1420000.0,0,0,1,0,0,0
остальные,"пос. Железнодорожный, улица 35 лет Победы, 7",0,2,195.85,5,5,1440000.0,0,0,0,0,0,1
Березники,"улица Мира, 81",0,1,127.94,3,5,1470000.0,0,1,0,0,0,0
Березники,"Юбилейная улица, 69",0,1,109.71,2,5,1480000.0,0,1,0,0,0,0
остальные,"улица Октябрьская, 23Б",0,1,133.34,1,2,1510000.0,0,0,0,0,0,1
Александровск,"Яйва пгт, Юбилейная улица, 3",0,2,176.59,5,5,1500000.0,0,0,0,0,0,0
остальные,"Сарс рп, улица Микрорайон, 6",0,3,195.6,2,5,1500000.0,0,0,0,0,0,1
остальные,"Октябрьский проспект, 7Б",0,2,216.81,2,5,1500000.0,0,0,0,0,0,1
Березники,"улица Мира, 120",0,1,127.08,3,5,1500000.0,0,1,0,0,0,0
остальные,"с. Усть-Сыны, улица Совхозная, 10",0,1,123.62,1,2,1500000.0,0,0,0,0,0,1
Оханск,"улица Ленина, 79",0,3,213.31,5,5,1500000.0,0,0,1,0,0,0
Оханск,"улица Винокурова, 30",0,2,199.09,5,5,1500000.0,0,0,1,0,0,0
остальные,"проспект Ленина, 38",0,1,147.6,4,5,1500000.0,0,0,0,0,0,1
Оханск,"улица 200-летия Оханска, 23",0,3,225.56,2,5,1500000.0,0,0,1,0,0,0
Березники,"улица Ломоносова, 68",0,1,133.75,4,4,1599000.0,0,1,0,0,0,0
Березники,"улица Мира, 83",0,1,126.65,5,5,1580000.0,0,1,0,0,0,0
Пермь,"р-н Кировский, мкр. Закамск, Торговая улица, 8",0,1,72.44,1,5,1580000.0,1,0,0,0,0,0
Пермь,"р-н Свердловский, мкр. Зеленое хозяйство, улица Льва Шатрова, 1",0,0,21.29,1,5,1580000.0,1,0,0,0,0,0
Пермь,"р-н Свердловский, мкр. Краснова, Серебрянский проезд, 17",0,0,27.08,5,5,1550000.0,1,0,0,0,0,0
Пермь,"р-н Свердловский, мкр. Островский, Народовольческая улица, 46",0,0,15.22,8,9,1560000.0,1,0,0,0,0,0
Александровск,"Яйва пгт, Заводская улица, 30",0,2,179.77,1,5,1600000.0,0,0,0,0,0,0
Березники,"улица Мира, 26",0,1,135.36,4,5,1600000.0,0,1,0,0,0,0
Березники,"улица Свободы, 20",0,1,151.2,3,5,1600000.0,0,1,0,0,0,0
Оханск,"улица Ленина, 79",0,3,222.08,1,6,1600000.0,0,0,1,0,0,0
остальные,"с. Калинино, улица Октябрьская, 2",0,3,214.63,1,2,1600000.0,0,0,0,0,0,1
остальные,"Оверята рп, улица Строителей, 6",0,1,127.08,4,5,1670000.0,0,0,0,0,0,1
Березники,"улица Льва Толстого, 84",0,1,131.7,5,5,1650000.0,0,1,0,0,0,0
остальные,"улица Герцена, 40А",0,2,220.63,5,7,1650000.0,0,0,0,0,0,1
Березники,"улица Карла Маркса, 30",0,2,177.17,1,2,1680000.0,0,1,0,0,0,0
остальные,"улица Мира, 6",0,2,178.33,2,2,1650000.0,0,0,0,0,0,1
Березники,"улица Ермака, 68",0,1,132.94,4,5,1680000.0,0,1,0,0,0,0
Березники,"улица Ломоносова, 86",0,1,132.94,4,5,1680000.0,0,1,0,0,0,0
Пермь,"р-н Свердловский, мкр. Крохалева, Таборская улица, 20",0,0,73.75,1,6,1650000.0,1,0,0,0,0,0
Пермь,"р-н Свердловский, мкр. Свердловский, улица Клары Цеткин, 23",0,0,25.18,4,9,1730000.0,1,0,0,0,0,0
Пермь,"р-н Мотовилихинский, мкр. Городские Горки, бульвар Гагарина, 38",0,0,21.29,4,9,1700000.0,1,0,0,0,0,0
Березники,"улица Льва Толстого, 94",0,1,134.16,5,5,1750000.0,0,1,0,0,0,0
Березники,"улица Свердлова, 84",0,1,108.23,3,5,1780000.0,0,1,0,0,0,0
остальные,"проспект Свердлова, 6Б",0,3,218.94,1,5,1750000.0,0,0,0,0,0,1
остальные,"с. Кыласово, улица Ленина, 96",0,1,169.39,1,2,1750000.0,0,0,0,0,0,1
Березники,"Юбилейная улица, 110",0,1,143.9,1,5,1780000.0,0,1,0,0,0,0
Березники,"Советский проспект, 66",0,1,133.34,2,4,1750000.0,0,1,0,0,0,0
Березники,"Советский проспект, 66",0,1,133.34,2,4,1750000.0,0,1,0,0,0,0
Березники,"улица Ивана Дощеникова, 14",0,1,141.63,3,5,1750000.0,0,1,0,0,0,0
Чайковский,"улица Кабалевского, 24",0,1,96.84,3,5,1798000.0,0,0,0,1,0,0
Березники,"улица Менделеева, 10А",0,2,169.69,1,3,1750000.0,0,1,0,0,0,0
остальные,"проспект Ленина, 6",0,2,187.25,4,5,1750000.0,0,0,0,0,0,1
Пермь,"р-н Индустриальный, мкр. Балатово, улица Чайковского, 20",0,0,33.52,1,5,1750000.0,1,0,0,0,0,0
Пермь,"р-н Дзержинский, мкр. Данилиха, Грузинская улица, 11",0,0,31.71,1,5,1750000.0,1,0,0,0,0,0
Пермь,"р-н Индустриальный, мкр. Ераничи, проспект Декабристов, 37",0,0,70.46,6,9,1820000.0,1,0,0,0,0,0
остальные,"пос. Железнодорожный, улица 35 лет Победы, 4",0,2,198.35,3,5,1840000.0,0,0,0,0,0,1
Березники,"улица Свободы, 16",0,1,156.42,1,5,1800000.0,0,1,0,0,0,0
Березники,"улица Ивана Дощеникова, 22",0,1,150.84,9,9,1840000.0,0,1,0,0,0,0
Александровск,"Яйва пгт, Юбилейная улица, 7",0,2,221.46,5,5,1800000.0,0,0,0,0,0,0
Оханск,"улица Винокурова, 30",0,3,225.36,5,5,1800000.0,0,0,1,0,0,0
Оханск,"улица Подвойского, 84",0,3,223.52,4,5,1800000.0,0,0,1,0,0,0
Березники,"Советский проспект, 58",0,1,132.53,1,4,1850000.0,0,1,0,0,0,0
Березники,"Юбилейная улица, 62",0,1,135.36,3,5,1850000.0,0,1,0,0,0,0
Пермь,"р-н Мотовилихинский, мкр. Городские Горки, улица Аркадия Гайдара, 8",0,1,132.12,1,5,3200000.0,1,0,0,0,0,0
Пермь,"р-н Индустриальный, мкр. Ераничи, проспект Декабристов, 37",0,0,62.9,9,9,1910000.0,1,0,0,0,0,0
Пермь,"р-н Свердловский, мкр. Громовский, Краснофлотская улица, 32",0,0,76.32,5,5,1890000.0,1,0,0,0,0,0
Пермь,"р-н Дзержинский, мкр. Парковый, Подлесная улица, 17",0,0,32.62,4,9,1540000.0,1,0,0,0,0,0
Пермь,"р-н Ленинский, мкр. Центр, Екатерининская улица, 134",0,0,59.31,7,9,1850000.0,1,0,0,0,0,0
Пермь,"р-н Дзержинский, мкр. Комсомольский, улица Машинистов, 49",0,0,68.44,3,6,1750000.0,1,0,0,0,0,0
Пермь,"р-н Мотовилихинский, мкр. Городские Горки, бульвар Гагарина, 38",0,0,21.29,4,9,1700000.0,1,0,0,0,0,0
Пермь,"р-н Свердловский, мкр. Краснова, Серебрянский проезд, 17",0,0,27.08,5,5,1550000.0,1,0,0,0,0,0
Пермь,"р-н Индустриальный, мкр. Балатово, улица Мира, 30",0,0,80.7,4,5,2350000.0,1,0,0,0,0,0
